SeasonEndYear,Squad,Comp,Player,Sh_Standard,SoT_Standard,Cmp_Total,Att_Total,Cmp_percent_Total,TotDist_Total,PrgDist_Total,Final_Third,PPA,SCA_SCA,TO_SCA,PassLive_SCA,Sh_SCA,Fld_SCA,Def_SCA,GCA_GCA,PassLive_GCA,TO_GCA,Sh_GCA,Fld_GCA,Def_GCA,TklW_Tackles,def_3rd_tackles,mid_3rd_tackles,att_3rd_tackles,Tkl_Challenges,Att_Challenges,Tkl_percent_Challenges,Blocks_Blocks,Sh_Blocks,Pass_Blocks,Int,tkl_plus_int,Clr,Err
2024,Arsenal,Premier League,Gabriel Dos Santos,21,9,1430,1608,88.9,24575,8037,119,5,16,0,14,1,0,0,1,1,0,0,0,0,16,18,13,1,13,16,81.3,34,25,9,22,54,60,0
2024,Arsenal,Premier League,Mohamed Elneny,2,1,39,40,97.5,624,147,2,0,1,0,1,0,0,0,0,0,0,0,0,0,0,0,0,0,0,1,0,0,0,0,1,1,0,0
2024,Arsenal,Premier League,Kai Havertz,35,10,542,656,82.6,6993,1694,47,19,63,2,52,4,4,1,14,9,2,2,1,0,11,3,16,6,11,29,37.9,20,1,19,14,39,13,0
2024,Arsenal,Premier League,Gabriel Jesus,42,17,311,394,78.9,4210,721,13,15,42,5,27,5,2,2,6,3,1,1,0,0,13,10,4,5,3,13,23.1,16,1,15,7,26,7,0
2024,Arsenal,Premier League,Jorginho,4,0,545,607,89.8,8914,2550,64,15,17,0,16,1,0,0,4,4,0,0,0,0,7,6,5,7,9,19,47.4,14,1,13,8,26,4,1
2024,Arsenal,Premier League,Jakub Kiwior,6,2,425,497,85.5,6986,2480,36,5,9,0,7,0,0,0,4,3,0,0,0,0,12,8,8,1,13,16,81.3,7,2,5,6,23,25,0
2024,Arsenal,Premier League,Gabriel Martinelli,49,15,650,832,78.1,9984,1826,22,31,81,11,53,8,1,2,11,7,1,2,0,0,15,3,7,9,8,17,47.1,18,1,17,4,23,5,1
2024,Arsenal,Premier League,Reiss Nelson,3,1,89,106,84,1250,230,1,4,6,0,5,0,0,0,0,0,0,0,0,0,5,4,1,3,8,9,88.9,3,1,2,1,9,5,0
2024,Arsenal,Premier League,Eddie Nketiah,36,11,164,208,78.8,2271,259,7,5,27,3,16,5,3,0,8,3,1,1,3,0,7,2,6,4,2,7,28.6,11,0,11,4,16,3,0
2024,Arsenal,Premier League,Ethan Nwaneri,0,0,15,18,83.3,209,56,1,2,1,0,1,0,0,0,0,0,0,0,0,0,0,0,0,0,0,0,NA,1,0,1,0,0,0,0
2024,Arsenal,Premier League,Thomas Partey,2,1,260,288,90.3,4187,1156,29,8,10,0,10,0,0,0,2,2,0,0,0,0,5,5,1,0,4,6,66.7,2,1,1,4,10,2,0
2024,Arsenal,Premier League,Aaron Ramsdale,0,0,113,151,74.8,2697,1943,4,0,0,0,0,0,0,0,0,0,0,0,0,0,0,0,0,0,0,0,NA,0,0,0,0,0,3,1
2024,Arsenal,Premier League,David Raya,0,0,547,719,76.1,12814,8810,21,0,3,0,2,0,0,0,0,0,0,0,0,0,1,1,0,0,1,1,100,0,0,0,0,1,6,4
2024,Arsenal,Premier League,Declan Rice,37,13,1642,1823,90.1,28022,7542,204,23,65,2,50,2,0,2,7,3,0,0,0,0,34,27,21,6,24,41,58.5,30,9,21,35,89,42,0
2024,Arsenal,Premier League,Bukayo Saka,74,24,878,1161,75.6,13272,3338,28,54,142,6,102,9,3,1,16,11,1,1,1,0,26,18,15,16,20,45,44.4,37,2,35,10,59,14,1
2024,Arsenal,Premier League,William Saliba,8,2,2012,2171,92.7,33998,12293,132,5,23,0,22,1,0,0,3,3,0,0,0,0,16,15,10,1,13,15,86.7,20,10,10,21,47,55,2
2024,Arsenal,Premier League,Emile Smith Rowe,10,4,126,143,88.1,1715,345,9,9,8,0,6,0,1,0,2,1,0,0,0,0,0,2,1,0,2,4,50,3,1,2,1,4,0,0
2024,Arsenal,Premier League,Cédric Soares,0,0,60,69,87,905,157,4,0,0,0,0,0,0,0,0,0,0,0,0,0,0,0,0,0,0,0,NA,0,0,0,0,0,0,0
2024,Arsenal,Premier League,Jurriën Timber,0,0,44,49,89.8,654,152,9,0,0,0,0,0,0,0,0,0,0,0,0,0,1,0,1,0,0,0,NA,0,0,0,0,1,1,0
2024,Arsenal,Premier League,Takehiro Tomiyasu,8,2,397,478,83.1,6216,1599,41,7,11,0,11,0,0,0,2,2,0,0,0,0,5,9,2,0,6,9,66.7,3,1,2,10,21,19,0
2024,Arsenal,Premier League,Leandro Trossard,38,12,285,414,68.8,4633,1205,15,19,41,6,26,2,4,0,6,1,2,0,2,0,11,6,6,4,5,12,41.7,18,0,18,6,22,4,0
2024,Arsenal,Premier League,Fabio Vieira,5,1,113,140,80.7,1875,360,12,4,11,0,6,1,3,0,5,1,0,0,3,0,2,2,0,1,3,3,100,0,0,0,2,5,1,0
2024,Arsenal,Premier League,Ben White,8,4,1325,1568,84.5,20618,6874,118,29,49,0,43,1,0,2,3,2,0,1,0,0,19,12,15,3,15,31,48.4,30,16,14,24,54,47,1
2024,Arsenal,Premier League,Oleksandr Zinchenko,15,3,1166,1326,87.9,19946,5886,134,41,55,1,52,1,0,0,6,5,0,0,0,0,27,18,22,6,33,48,68.8,17,3,14,14,60,18,2
2024,Arsenal,Premier League,Martin Ødegaard,50,16,1229,1442,85.2,18685,5296,117,78,147,6,119,5,4,0,13,9,0,1,1,0,12,8,19,6,10,37,27,18,1,17,7,40,5,0
2024,Aston Villa,Premier League,Cameron Archer,0,0,5,6,83.3,42,0,0,0,0,0,0,0,0,0,0,0,0,0,0,0,0,0,0,0,0,0,NA,0,0,0,0,0,0,0
2024,Aston Villa,Premier League,Leon Bailey,40,15,380,517,73.5,6033,1550,23,26,71,7,51,7,1,0,10,6,1,2,0,0,3,3,1,2,2,10,20,11,1,10,7,13,5,0
2024,Aston Villa,Premier League,Diego Carlos,5,1,770,876,87.9,15361,6709,50,3,6,0,6,0,0,0,2,2,0,0,0,0,11,12,3,1,7,13,53.8,12,9,3,10,26,48,1
2024,Aston Villa,Premier League,Matty Cash,29,13,845,1037,81.5,13576,4019,52,15,34,0,26,6,1,0,6,5,0,0,1,0,24,20,20,4,21,42,50,28,10,18,17,61,50,0
2024,Aston Villa,Premier League,Calum Chambers,0,0,34,36,94.4,600,273,0,0,0,0,0,0,0,0,0,0,0,0,0,0,0,0,0,0,0,0,NA,0,0,0,0,0,4,0
2024,Aston Villa,Premier League,Philippe Coutinho,3,1,20,24,83.3,265,63,4,0,2,1,1,0,0,0,0,0,0,0,0,0,0,0,0,0,0,1,0,0,0,0,0,0,0,0
2024,Aston Villa,Premier League,Leander Dendoncker,2,1,45,56,80.4,744,139,1,0,2,0,1,0,1,0,1,0,0,0,1,0,4,3,2,1,4,5,80,5,2,3,2,8,3,1
2024,Aston Villa,Premier League,Moussa Diaby,40,16,356,443,80.4,5176,914,21,32,55,3,45,4,2,0,6,6,0,0,0,0,2,2,4,1,3,10,30,5,0,5,5,12,4,0
2024,Aston Villa,Premier League,Lucas Digne,14,4,715,948,75.4,11522,3919,33,29,55,0,38,3,2,0,3,3,0,0,0,0,13,24,6,1,17,29,58.6,11,0,11,19,50,39,0
2024,Aston Villa,Premier League,Jhon Durán,12,4,39,62,62.9,539,95,2,1,7,1,3,1,1,1,3,0,1,0,1,1,3,1,1,1,0,3,0,3,0,3,0,3,7,0
2024,Aston Villa,Premier League,Tim Iroegbunam,0,0,17,19,89.5,264,72,0,0,0,0,0,0,0,0,0,0,0,0,0,0,2,1,1,0,0,2,0,2,0,2,1,3,1,0
2024,Aston Villa,Premier League,Boubacar Kamara,5,1,922,1035,89.1,14037,3978,107,12,38,0,33,2,1,2,3,3,0,0,0,0,29,16,21,6,24,47,51.1,21,7,14,21,64,16,0
2024,Aston Villa,Premier League,Ezri Konsa,11,3,1400,1525,91.8,23972,8120,102,8,23,2,16,0,3,1,4,1,0,0,1,1,21,19,14,3,17,19,89.5,25,14,11,22,58,54,2
2024,Aston Villa,Premier League,Clément Lenglet,6,1,644,725,88.8,12071,3920,29,3,14,0,10,3,0,0,1,1,0,0,0,0,7,5,3,0,5,8,62.5,14,7,7,5,13,36,0
2024,Aston Villa,Premier League,Douglas Luiz,41,12,1420,1651,86,24538,6197,112,34,93,5,50,8,4,1,8,5,0,0,0,0,30,16,23,8,20,42,47.6,28,6,22,17,64,17,1
2024,Aston Villa,Premier League,Emiliano Martínez,0,0,902,1076,83.8,21395,12680,18,0,3,0,3,0,0,0,1,1,0,0,0,0,0,0,0,0,0,0,NA,0,0,0,0,0,10,1
2024,Aston Villa,Premier League,John McGinn,35,14,767,969,79.2,14145,4631,99,43,92,5,77,1,1,0,13,10,2,0,0,0,28,12,27,6,23,56,41.1,20,2,18,15,60,17,0
2024,Aston Villa,Premier League,Tyrone Mings,1,0,5,5,100,119,86,1,0,2,0,1,0,0,1,0,0,0,0,0,0,0,0,0,0,0,0,NA,0,0,0,1,1,1,0
2024,Aston Villa,Premier League,Álex Moreno,7,4,360,452,79.6,5356,1360,8,11,21,2,18,1,0,0,0,0,0,0,0,0,11,15,0,0,9,15,60,7,2,5,11,26,31,0
2024,Aston Villa,Premier League,Robin Olsen,0,0,30,39,76.9,675,414,1,0,0,0,0,0,0,0,0,0,0,0,0,0,0,0,0,0,0,0,NA,0,0,0,0,0,0,0
2024,Aston Villa,Premier League,Jaden Philogene Bidace,0,0,3,4,75,27,5,0,0,0,0,0,0,0,0,0,0,0,0,0,0,0,0,0,0,0,0,NA,0,0,0,0,0,0,0
2024,Aston Villa,Premier League,Jacob Ramsey,19,4,257,322,79.8,3751,863,22,5,29,1,23,2,0,1,3,2,0,0,0,0,8,7,6,3,5,15,33.3,15,2,13,3,19,8,0
2024,Aston Villa,Premier League,Morgan Rogers,3,1,14,18,77.8,254,123,2,2,5,1,3,0,1,0,1,0,0,0,1,0,0,0,0,0,0,1,0,0,0,0,0,0,2,0
2024,Aston Villa,Premier League,Youri Tielemans,8,3,446,554,80.5,7058,2255,57,19,31,1,25,2,2,0,10,9,0,1,0,0,11,8,13,2,9,24,37.5,15,1,14,9,32,4,0
2024,Aston Villa,Premier League,Pau Torres,9,4,1087,1248,87.1,20543,6676,110,10,20,0,19,0,0,0,1,1,0,0,0,0,11,12,6,1,9,20,45,15,6,9,8,27,48,0
2024,Aston Villa,Premier League,Bertrand Traoré,0,0,2,3,66.7,15,0,0,0,0,0,0,0,0,0,0,0,0,0,0,0,1,1,0,0,0,0,NA,0,0,0,0,1,1,0
2024,Aston Villa,Premier League,Ollie Watkins,85,39,335,446,75.1,4231,763,16,19,80,6,56,14,4,0,22,13,1,6,2,0,6,0,3,6,4,10,40,22,3,19,3,12,19,0
2024,Aston Villa,Premier League,Nicolò Zaniolo,19,5,100,151,66.2,1417,333,13,4,23,2,15,4,1,1,2,2,0,0,0,0,4,6,3,2,5,11,45.5,12,0,12,1,12,9,0
2024,Bournemouth,Premier League,Max Aarons,1,0,379,501,75.6,6256,2424,22,12,20,0,15,0,3,0,1,1,0,0,0,0,18,20,6,2,19,30,63.3,9,5,4,6,34,23,0
2024,Bournemouth,Premier League,Jaidon Anthony,2,1,30,45,66.7,453,139,3,1,3,1,2,0,0,0,0,0,0,0,0,0,1,1,0,2,1,7,14.3,3,0,3,1,4,3,0
2024,Bournemouth,Premier League,Philip Billing,23,5,336,438,76.7,4908,1392,26,14,37,1,34,1,1,0,5,5,0,0,0,0,13,4,19,4,8,23,34.8,27,5,22,16,43,26,1
2024,Bournemouth,Premier League,David Brooks,13,5,95,132,72,1545,666,14,12,20,1,16,1,1,0,3,2,1,0,0,0,4,2,1,2,2,4,50,3,0,3,2,7,2,0
2024,Bournemouth,Premier League,Ryan Christie,25,11,654,869,75.3,12149,3169,79,22,72,4,58,2,3,2,3,3,0,0,0,0,29,24,21,13,28,66,42.4,29,5,24,34,92,29,0
2024,Bournemouth,Premier League,Lewis Cook,5,2,696,898,77.5,12299,4146,85,13,46,1,28,0,0,2,4,3,0,0,0,1,27,18,20,2,23,41,56.1,20,7,13,43,83,26,1
2024,Bournemouth,Premier League,Romain Faivre,1,0,10,14,71.4,135,78,2,1,1,1,0,0,0,0,0,0,0,0,0,0,1,0,1,0,0,3,0,0,0,0,0,1,0,0
2024,Bournemouth,Premier League,James Hill,0,0,27,37,73,530,231,6,0,1,0,1,0,0,0,0,0,0,0,0,0,2,1,2,0,1,1,100,1,1,0,2,5,6,0
2024,Bournemouth,Premier League,Hamed Junior Traorè,3,2,18,27,66.7,244,59,3,0,4,2,1,1,0,0,0,0,0,0,0,0,0,1,0,0,1,3,33.3,3,0,3,0,1,0,0
2024,Bournemouth,Premier League,Lloyd Kelly,2,1,450,608,74,8772,2793,50,4,17,1,13,0,0,1,1,1,0,0,0,0,15,7,9,3,12,21,57.1,14,7,7,7,26,40,0
2024,Bournemouth,Premier League,Milos Kerkez,7,1,428,594,72.1,6808,2229,23,11,15,0,13,1,0,1,3,2,0,0,0,1,20,23,11,2,22,32,68.8,25,9,16,15,51,51,1
2024,Bournemouth,Premier League,Justin Kluivert,28,9,168,253,66.4,2594,757,9,12,35,4,23,5,1,2,2,0,1,0,0,1,11,3,9,9,5,20,25,9,0,9,5,26,7,0
2024,Bournemouth,Premier League,Chris Mepham,1,1,134,169,79.3,2511,835,13,2,4,0,2,0,0,2,0,0,0,0,0,0,5,4,1,0,3,7,42.9,8,4,4,6,11,16,1
2024,Bournemouth,Premier League,Kieffer Moore,6,2,28,42,66.7,272,91,2,2,5,0,5,0,0,0,0,0,0,0,0,0,0,0,0,0,0,0,NA,0,0,0,0,0,0,0
2024,Bournemouth,Premier League,Neto,0,0,520,806,64.5,15037,11070,15,0,4,0,3,0,0,0,0,0,0,0,0,0,0,0,0,0,0,0,NA,1,0,1,1,1,10,1
2024,Bournemouth,Premier League,Dango Ouattara,14,2,164,254,64.6,2607,755,10,7,21,3,15,1,1,1,1,1,0,0,0,0,14,15,5,6,9,17,52.9,8,2,6,8,34,17,0
2024,Bournemouth,Premier League,Ionuț Radu,0,0,56,68,82.4,1211,583,0,0,0,0,0,0,0,0,0,0,0,0,0,0,0,0,0,0,0,0,NA,0,0,0,0,0,0,0
2024,Bournemouth,Premier League,Joe Rothwell,2,0,179,216,82.9,3185,863,20,1,12,1,6,1,1,0,1,1,0,0,0,0,2,4,2,1,2,8,25,4,2,2,3,10,2,0
2024,Bournemouth,Premier League,Alex Scott,8,2,208,276,75.4,3257,1017,14,7,24,1,16,2,1,1,3,2,1,0,0,0,9,5,7,3,7,15,46.7,10,4,6,11,26,12,1
2024,Bournemouth,Premier League,Antoine Semenyo,42,19,259,366,70.8,3820,834,15,17,37,7,25,3,1,1,5,2,0,1,1,1,11,6,4,5,7,19,36.8,24,1,23,5,20,10,0
2024,Bournemouth,Premier League,Marcos Senesi,7,3,790,1007,78.5,16976,7069,113,21,35,0,34,0,0,1,5,5,0,0,0,0,19,21,16,2,15,40,37.5,36,17,19,23,62,84,1
2024,Bournemouth,Premier League,Luis Sinisterra,20,6,183,237,77.2,2607,699,9,14,30,5,19,4,0,2,3,0,0,3,0,0,10,9,8,4,8,14,57.1,17,0,17,8,29,3,0
2024,Bournemouth,Premier League,Adam Smith,0,0,467,614,76.1,7540,3153,32,13,16,0,11,0,1,0,3,3,0,0,0,0,10,12,1,6,10,21,47.6,16,8,8,13,32,34,0
2024,Bournemouth,Premier League,Dominic Solanke,79,27,271,367,73.8,3347,818,16,17,47,3,37,3,1,3,4,3,1,0,0,0,9,1,9,7,7,16,43.8,19,4,15,3,20,33,0
2024,Bournemouth,Premier League,Marcus Tavernier,44,13,495,706,70.1,8011,2490,32,25,74,3,50,4,4,0,8,5,0,0,1,0,28,24,18,4,22,40,55,23,2,21,4,50,20,0
2024,Bournemouth,Premier League,Enes Ünal,4,0,8,10,80,113,36,1,1,3,0,0,2,1,0,0,0,0,0,0,0,0,0,0,0,0,1,0,0,0,0,0,0,0,0
2024,Bournemouth,Premier League,Illia Zabarnyi,6,0,1026,1262,81.3,21591,7501,80,7,17,0,16,1,0,0,0,0,0,0,0,0,25,19,23,1,15,34,44.1,38,25,13,27,70,97,3
2024,Brentford,Premier League,Kristoffer Ajer,6,1,402,538,74.7,6834,2385,37,2,21,1,18,2,0,0,2,2,0,0,0,0,12,15,7,1,16,25,64,14,6,8,15,38,49,1
2024,Brentford,Premier League,Shandon Baptiste,2,2,61,84,72.6,1042,284,7,1,3,1,2,0,0,0,0,0,0,0,0,0,4,2,2,0,1,5,20,5,1,4,3,7,6,0
2024,Brentford,Premier League,Nathan Collins,8,1,921,1116,82.5,16819,5879,51,3,13,0,12,0,0,1,2,2,0,0,0,0,11,14,7,1,12,21,57.1,26,15,11,32,54,102,4
2024,Brentford,Premier League,Mikkel Damsgaard,4,3,142,210,67.6,2369,853,24,4,14,0,8,2,1,0,2,1,0,0,1,0,7,7,5,2,8,22,36.4,8,1,7,7,21,3,1
2024,Brentford,Premier League,Josh Dasilva,0,0,10,19,52.6,153,59,0,0,1,0,1,0,0,0,0,0,0,0,0,0,1,0,1,1,0,0,NA,0,0,0,0,2,0,0
2024,Brentford,Premier League,Mark Flekken,0,0,804,1117,72,22202,14839,25,1,3,0,1,0,0,0,1,0,0,0,0,0,0,0,0,0,0,3,0,1,0,1,0,0,8,0
2024,Brentford,Premier League,Saman Ghoddos,9,2,313,430,72.8,5371,1643,27,9,20,1,10,0,3,1,0,0,0,0,0,0,17,19,4,2,16,27,59.3,8,2,6,5,30,11,0
2024,Brentford,Premier League,Rico Henry,2,0,147,183,80.3,2291,763,10,7,13,3,10,0,0,0,3,2,1,0,0,0,5,3,3,1,6,7,85.7,8,3,5,5,12,5,1
2024,Brentford,Premier League,Aaron Hickey,7,1,243,277,87.7,3813,894,10,2,7,0,6,0,1,0,0,0,0,0,0,0,9,9,3,4,7,7,100,7,3,4,3,19,10,0
2024,Brentford,Premier League,Vitaly Janelt,14,5,770,990,77.8,12178,3459,68,21,55,0,48,3,2,2,3,2,0,0,1,0,24,18,17,7,24,49,49,21,6,15,20,62,43,1
2024,Brentford,Premier League,Mathias Jensen,12,6,593,811,73.1,11747,4203,56,23,59,0,33,0,2,0,6,3,0,0,1,0,20,18,13,4,16,62,25.8,29,4,25,11,46,17,1
2024,Brentford,Premier League,Mathias Jørgensen,2,0,210,284,73.9,3430,1824,36,6,4,0,4,0,0,0,0,0,0,0,0,0,4,6,1,1,4,9,44.4,4,2,2,7,15,15,0
2024,Brentford,Premier League,Keane Lewis-Potter,23,10,193,272,71,2915,664,9,11,23,2,16,4,1,0,2,1,0,1,0,0,6,5,10,1,6,10,60,7,1,6,5,21,9,0
2024,Brentford,Premier League,Neal Maupay,34,14,246,343,71.7,3468,822,15,17,38,2,29,6,0,1,5,5,0,0,0,0,7,4,5,1,3,13,23.1,8,0,8,2,12,3,0
2024,Brentford,Premier League,Bryan Mbeumo,38,13,366,528,69.3,5638,1819,19,27,58,1,30,3,4,0,6,5,0,0,0,0,8,6,4,2,4,13,30.8,14,0,14,5,17,9,0
2024,Brentford,Premier League,Ben Mee,10,2,511,667,76.6,9030,3658,45,4,14,0,11,2,0,0,1,0,0,1,0,0,15,12,12,2,17,22,77.3,21,13,8,13,39,63,1
2024,Brentford,Premier League,Christian Nørgaard,32,6,1004,1275,78.7,16271,5397,102,24,55,0,42,3,2,2,3,3,0,0,0,0,46,39,27,7,29,78,37.2,40,2,38,45,118,50,0
2024,Brentford,Premier League,Michael Olakigbe,3,0,27,40,67.5,347,74,2,1,3,1,2,0,0,0,0,0,0,0,0,0,0,2,1,0,2,4,50,7,0,7,1,4,0,1
2024,Brentford,Premier League,Frank Onyeka,21,8,275,356,77.2,4257,1056,21,10,30,2,21,3,3,1,1,0,0,1,0,0,21,8,21,5,14,24,58.3,14,6,8,20,54,14,0
2024,Brentford,Premier League,Myles Peart-Harris,0,0,6,10,60,68,10,1,0,1,0,1,0,0,0,0,0,0,0,0,0,0,0,0,0,0,0,NA,0,0,0,0,0,1,0
2024,Brentford,Premier League,Ethan Pinnock,15,3,1006,1207,83.3,19079,6392,69,4,23,0,16,5,0,1,1,1,0,0,0,0,21,21,11,0,8,17,47.1,34,21,13,36,68,144,2
2024,Brentford,Premier League,Sergio Reguilón,8,1,119,193,61.7,1971,838,2,7,11,0,6,2,0,0,3,0,0,2,0,0,10,15,8,1,14,23,60.9,12,1,11,7,31,16,0
2024,Brentford,Premier League,Mads Roerslev,6,1,343,525,65.3,5912,2021,20,21,25,2,22,0,0,1,3,3,0,0,0,0,20,23,6,1,19,40,47.5,10,2,8,14,44,52,0
2024,Brentford,Premier League,Kevin Schade,5,2,43,71,60.6,624,171,7,3,8,0,5,1,2,0,2,1,0,0,1,0,1,1,1,0,0,3,0,0,0,0,1,3,3,0
2024,Brentford,Premier League,Thomas Strakosha,0,0,52,71,73.2,1509,977,1,0,0,0,0,0,0,0,0,0,0,0,0,0,0,0,0,0,0,0,NA,0,0,0,0,0,0,0
2024,Brentford,Premier League,Ivan Toney,24,11,126,226,55.8,1687,605,9,11,22,2,15,3,2,0,3,2,0,1,0,0,2,0,4,5,3,9,33.3,3,0,3,7,16,7,0
2024,Brentford,Premier League,Yoane Wissa,49,16,225,313,71.9,2966,781,19,9,44,2,27,6,7,1,5,2,0,1,2,0,12,8,7,5,1,14,7.1,15,3,12,7,27,9,0
2024,Brentford,Premier League,Yehor Yarmoliuk,6,3,NA,NA,NA,NA,NA,NA,NA,NA,NA,NA,NA,NA,NA,NA,NA,NA,NA,NA,NA,8,NA,NA,NA,NA,NA,NA,NA,NA,NA,3,NA,NA,NA
2024,Brighton,Premier League,Simon Adingra,31,14,405,540,75,5752,1025,9,23,45,6,30,5,1,2,4,3,0,0,0,1,12,12,5,5,11,28,39.3,16,1,15,12,34,10,0
2024,Brighton,Premier League,Carlos Baleba,10,2,399,435,91.7,6164,1425,18,1,8,0,8,0,0,0,0,0,0,0,0,0,14,12,12,3,15,27,55.6,14,4,10,12,39,18,2
2024,Brighton,Premier League,Benicio Boaitey,0,0,9,14,64.3,124,19,0,0,0,0,0,0,0,0,0,0,0,0,0,0,0,0,0,0,0,0,NA,0,0,0,0,0,2,0
2024,Brighton,Premier League,Facundo Buonanotte,16,6,273,330,82.7,3343,573,16,9,32,1,22,2,5,1,2,2,0,0,0,0,16,8,18,5,10,28,35.7,18,3,15,5,36,4,0
2024,Brighton,Premier League,Julio César Enciso,9,3,33,50,66,385,93,1,0,9,4,4,1,0,0,2,2,0,0,0,0,0,0,0,0,0,2,0,2,0,2,0,0,0,0
2024,Brighton,Premier League,Mahmoud Dahoud,6,1,284,328,86.6,4011,886,21,1,13,0,13,0,0,0,2,2,0,0,0,0,4,2,4,3,3,9,33.3,4,1,3,1,10,5,0
2024,Brighton,Premier League,Lewis Dunk,28,9,2215,2411,91.9,38176,14270,175,8,38,0,31,5,0,0,7,6,0,1,0,0,10,12,6,1,7,27,25.9,35,27,8,19,38,48,1
2024,Brighton,Premier League,Pervis Estupiñán,10,6,667,794,84,9834,3133,57,24,39,1,34,1,0,0,2,2,0,0,0,0,8,7,9,2,9,21,42.9,11,2,9,17,35,14,0
2024,Brighton,Premier League,Ansu Fati,20,9,140,166,84.3,1810,450,12,4,19,1,14,4,0,0,3,2,0,1,0,0,1,1,1,1,0,7,0,6,0,6,2,5,2,0
2024,Brighton,Premier League,Evan Ferguson,33,20,232,285,81.4,2880,325,11,4,22,2,15,1,3,1,1,0,0,0,1,0,6,3,7,3,5,14,35.7,10,3,7,2,15,6,0
2024,Brighton,Premier League,Billy Gilmour,23,5,1649,1809,91.2,25332,6471,156,28,59,0,50,2,2,0,6,5,0,1,0,0,14,13,6,2,9,30,30,21,8,13,8,29,14,1
2024,Brighton,Premier League,Pascal Groß,44,15,1895,2223,85.2,29816,9105,165,57,131,5,79,7,2,1,16,9,4,1,0,0,30,20,16,12,20,47,42.6,32,6,26,16,64,22,3
2024,Brighton,Premier League,Jan Paul van Hecke,13,6,1845,1987,92.9,31682,12433,130,9,32,0,31,1,0,0,3,3,0,0,0,0,22,19,15,3,22,37,59.5,39,20,19,26,63,64,4
2024,Brighton,Premier League,Jack Hinshelwood,14,8,418,498,83.9,5999,1172,24,5,14,0,11,3,0,0,0,0,0,0,0,0,5,7,4,3,5,13,38.5,6,2,4,14,28,18,0
2024,Brighton,Premier League,Igor,2,0,918,987,93,14555,4333,73,1,17,1,15,0,0,0,2,2,0,0,0,0,11,4,11,2,10,17,58.8,13,6,7,9,26,30,0
2024,Brighton,Premier League,João Pedro,44,15,448,562,79.7,5880,1229,32,31,61,5,40,7,8,1,9,4,2,1,2,0,13,7,11,5,9,17,52.9,10,1,9,9,32,23,0
2024,Brighton,Premier League,Adam Lallana,5,2,342,381,89.8,3796,799,16,10,19,0,18,0,1,0,1,1,0,0,0,0,2,3,4,0,0,3,0,2,1,1,2,9,1,0
2024,Brighton,Premier League,Tariq Lamptey,5,0,256,307,83.4,3784,589,6,6,9,1,8,0,0,0,3,3,0,0,0,0,8,6,3,1,4,12,33.3,4,2,2,5,15,1,0
2024,Brighton,Premier League,Solly March,14,6,203,261,77.8,3145,899,10,7,22,2,8,1,2,1,2,0,0,0,1,0,14,9,7,3,8,14,57.1,5,0,5,11,30,8,0
2024,Brighton,Premier League,James Milner,5,1,492,585,84.1,7622,2496,46,17,24,0,20,0,0,0,2,0,0,0,0,0,14,9,10,1,9,14,64.3,9,0,9,8,28,16,0
2024,Brighton,Premier League,Kaoru Mitoma,34,15,509,650,78.3,6210,1486,23,34,62,10,47,3,2,0,10,6,3,1,0,0,6,3,7,3,5,19,26.3,15,1,14,5,18,12,0
2024,Brighton,Premier League,Jakub Moder,3,0,64,82,78,798,214,4,1,3,0,3,0,0,0,1,1,0,0,0,0,5,2,3,3,5,7,71.4,2,0,2,0,8,4,0
2024,Brighton,Premier League,Jason Steele,0,0,506,605,83.6,10946,7450,3,0,0,0,0,0,0,0,0,0,0,0,0,0,0,0,0,0,0,3,0,0,0,0,0,0,7,1
2024,Brighton,Premier League,Joël Veltman,2,2,580,683,84.9,9533,2414,42,3,12,0,9,0,1,0,1,1,0,0,0,0,25,15,12,4,20,33,60.6,14,7,7,13,44,39,1
2024,Brighton,Premier League,Bart Verbruggen,0,0,468,510,91.8,9107,6121,1,0,2,0,2,0,0,0,0,0,0,0,0,0,1,1,0,0,1,1,100,0,0,0,0,1,3,2
2024,Brighton,Premier League,Adam Webster,5,0,764,836,91.4,12752,4230,70,2,9,0,8,1,0,0,0,0,0,0,0,0,11,8,2,1,6,15,40,7,4,3,9,20,30,1
2024,Brighton,Premier League,Danny Welbeck,28,12,256,305,83.9,2939,401,15,7,40,2,27,8,3,0,6,3,0,1,2,0,8,4,9,4,6,11,54.5,10,0,10,5,22,14,1
2024,Burnley,Premier League,Zeki Amdouni,38,19,351,448,78.3,5648,1090,27,8,43,5,26,6,4,2,3,1,2,0,0,0,16,1,13,11,7,23,30.4,20,9,11,7,32,10,0
2024,Burnley,Premier League,Lorenz Assignon,1,0,100,147,68,1438,539,2,3,6,0,5,0,0,0,1,1,0,0,0,0,8,9,6,2,9,12,75,7,2,5,5,22,13,0
2024,Burnley,Premier League,Jóhann Berg Guðmundsson,10,3,329,454,72.5,6217,1918,32,15,43,0,25,1,2,0,4,3,0,0,0,0,4,6,5,2,7,15,46.7,13,0,13,14,27,14,0
2024,Burnley,Premier League,Sander Berge,17,3,802,936,85.7,13798,2647,62,5,32,0,31,0,1,0,3,3,0,0,0,0,30,25,25,3,25,44,56.8,35,15,20,18,71,46,1
2024,Burnley,Premier League,Jordan Beyer,5,0,766,861,89,14232,3759,28,1,10,0,10,0,0,0,1,1,0,0,0,0,20,22,12,1,14,24,58.3,22,15,7,16,51,68,1
2024,Burnley,Premier League,Josh Brownhill,22,8,725,950,76.3,11373,2913,54,13,56,1,30,3,3,1,4,3,0,0,0,0,31,17,21,9,20,28,71.4,28,7,21,29,76,32,1
2024,Burnley,Premier League,Jacob Bruun Larsen,18,4,170,235,72.3,2556,591,5,6,24,0,19,1,0,0,0,0,0,0,0,0,2,2,0,2,3,7,42.9,5,0,5,3,7,6,0
2024,Burnley,Premier League,Jack Cork,0,0,16,24,66.7,252,39,3,0,1,0,1,0,0,0,0,0,0,0,0,0,0,0,2,0,1,3,33.3,0,0,0,0,2,1,0
2024,Burnley,Premier League,Josh Cullen,6,1,609,712,85.5,9564,2171,47,10,29,0,26,0,1,0,2,2,0,0,0,0,13,9,9,2,12,21,57.1,20,11,9,7,27,16,0
2024,Burnley,Premier League,Ameen Al-Dakhil,8,3,537,637,84.3,9642,2939,13,2,8,1,5,2,0,0,1,1,0,0,0,0,5,4,7,1,1,10,10,13,6,7,12,24,38,2
2024,Burnley,Premier League,David Datro Fofana,8,5,42,66,63.6,553,91,4,0,7,1,2,3,0,1,1,0,1,0,0,0,1,0,2,2,0,2,0,3,1,2,0,4,0,0
2024,Burnley,Premier League,Hannes Delcroix,4,2,298,346,86.1,4884,1634,24,3,7,0,7,0,0,0,0,0,0,0,0,0,6,6,4,0,3,4,75,8,2,6,8,18,22,0
2024,Burnley,Premier League,Hjalmar Ekdal,2,1,137,157,87.3,2441,686,8,0,2,0,2,0,0,0,0,0,0,0,0,0,1,1,1,0,0,1,0,4,2,2,4,6,17,0
2024,Burnley,Premier League,Maxime Estève,2,0,174,219,79.5,3148,854,9,0,0,0,0,0,0,0,0,0,0,0,0,0,4,3,3,0,4,7,57.1,5,3,2,3,9,21,0
2024,Burnley,Premier League,Lyle Foster,20,9,167,254,65.7,2439,375,10,4,21,1,18,1,1,0,4,4,0,0,0,0,7,3,5,7,4,12,33.3,11,3,8,2,17,19,0
2024,Burnley,Premier League,Luca Koleosho,23,5,192,274,70.1,2509,475,9,6,28,11,12,2,3,0,6,2,3,0,1,0,4,2,5,0,2,10,20,13,0,13,2,9,0,0
2024,Burnley,Premier League,Benson Manuel,3,1,40,49,81.6,561,97,0,2,6,2,3,0,1,0,0,0,0,0,0,0,2,2,1,0,0,0,NA,1,0,1,0,3,0,0
2024,Burnley,Premier League,Han-Noah Massengo,0,0,6,12,50,74,42,1,0,0,0,0,0,0,0,0,0,0,0,0,0,1,1,0,0,0,0,NA,1,0,1,0,1,0,0
2024,Burnley,Premier League,Dara O'Shea,13,3,1011,1261,80.2,20153,7522,107,3,20,0,18,2,0,0,5,5,0,0,0,0,12,13,6,2,7,14,50,30,21,9,21,42,114,1
2024,Burnley,Premier League,Michael Obafemi,2,0,4,5,80,55,2,0,0,1,0,1,0,0,0,1,1,0,0,0,0,0,0,0,0,0,0,NA,1,0,1,0,0,0,0
2024,Burnley,Premier League,Wilson Odobert,27,8,211,277,76.2,2723,610,8,5,39,7,26,4,2,0,2,2,0,0,0,0,11,5,5,4,6,18,33.3,19,2,17,4,18,7,0
2024,Burnley,Premier League,Aaron Ramsey,6,2,118,151,78.1,1856,224,7,2,5,0,5,0,0,0,0,0,0,0,0,0,14,7,5,5,8,16,50,11,2,9,1,18,10,0
2024,Burnley,Premier League,Nathan Redmond,0,0,48,73,65.8,723,137,3,4,8,1,6,0,1,0,1,1,0,0,0,0,1,0,0,2,1,4,25,1,0,1,0,2,3,0
2024,Burnley,Premier League,Connor Roberts,0,0,395,495,79.8,6987,2370,32,8,18,0,13,0,0,0,3,3,0,0,0,0,5,6,4,2,8,17,47.1,8,6,2,4,16,25,2
2024,Burnley,Premier League,Jay Rodriguez,17,6,119,186,64,1655,337,13,2,11,1,7,3,0,0,1,1,0,0,0,0,8,5,4,3,6,10,60,10,1,9,1,13,8,0
2024,Burnley,Premier League,Charlie Taylor,7,1,704,914,77,11997,3939,53,11,21,0,18,2,1,0,2,1,0,1,0,0,15,14,12,2,13,28,46.4,21,8,13,15,43,60,0
2024,Burnley,Premier League,James Trafford,0,0,978,1470,66.5,22711,15734,24,1,7,0,3,0,0,0,1,0,0,0,0,0,1,2,0,0,2,2,100,0,0,0,1,3,17,1
2024,Burnley,Premier League,Mike Trésor,5,0,117,174,67.2,1578,457,5,2,9,1,3,0,0,0,0,0,0,0,0,0,6,9,1,0,8,17,47.1,5,0,5,1,11,1,0
2024,Burnley,Premier League,Vitinho,13,1,525,728,72.1,8397,2801,35,11,32,3,26,1,0,0,3,3,0,0,0,0,21,27,13,4,30,60,50,24,1,23,10,54,30,3
2024,Burnley,Premier League,Anass Zaroury,3,1,43,70,61.4,714,120,2,2,2,0,1,0,0,0,0,0,0,0,0,0,0,1,0,0,0,4,0,2,0,2,0,1,1,1
2024,Chelsea,Premier League,Benoît Badiashile,2,1,448,498,90,7789,3128,22,2,12,0,11,0,0,1,3,3,0,0,0,0,10,8,5,0,6,10,60,9,4,5,5,18,31,1
2024,Chelsea,Premier League,Armando Broja,13,2,83,94,88.3,932,91,2,2,8,1,5,0,2,0,1,0,0,0,1,0,0,0,1,2,1,2,50,5,1,4,0,3,3,0
2024,Chelsea,Premier League,Mason Burstow,0,0,3,4,75,29,1,0,0,0,0,0,0,0,0,0,0,0,0,0,0,0,0,0,0,0,0,NA,0,0,0,0,0,0,0
2024,Chelsea,Premier League,Moisés Caicedo,6,1,1223,1342,91.1,19295,4942,111,8,36,1,28,1,4,2,7,6,0,0,0,1,30,25,23,7,20,37,54.1,32,15,17,17,72,29,2
2024,Chelsea,Premier League,Cesare Casadei,0,0,9,12,75,142,6,0,0,1,0,1,0,0,0,0,0,0,0,0,0,0,1,0,0,0,0,NA,0,0,0,0,1,2,0
2024,Chelsea,Premier League,Trevoh Chalobah,0,0,61,72,84.7,1122,231,0,0,1,0,1,0,0,0,0,0,0,0,0,0,1,0,0,1,1,1,100,1,1,0,2,3,3,0
2024,Chelsea,Premier League,Ben Chilwell,11,3,362,483,74.9,5077,1498,29,2,20,0,10,0,2,0,1,1,0,0,0,0,10,5,9,1,5,8,62.5,11,3,8,4,19,19,1
2024,Chelsea,Premier League,Carney Chukwuemeka,2,2,85,99,85.9,1042,138,4,5,5,1,4,0,0,0,3,2,1,0,0,0,2,1,1,0,1,2,50,1,1,0,0,2,0,0
2024,Chelsea,Premier League,Levi Colwill,11,3,965,1163,83,16310,5939,82,6,27,1,21,4,0,0,3,3,0,0,0,0,30,26,17,5,26,34,76.5,28,10,18,26,74,66,0
2024,Chelsea,Premier League,Marc Cucurella,4,3,440,507,86.8,6639,1721,24,2,12,1,10,0,0,0,0,0,0,0,0,0,17,15,10,2,16,27,59.3,17,5,12,12,39,22,0
2024,Chelsea,Premier League,Axel Disasi,12,4,1691,1882,89.9,28478,9651,95,7,8,0,8,0,0,0,0,0,0,0,0,0,12,13,9,3,15,21,71.4,20,15,5,15,40,88,1
2024,Chelsea,Premier League,Enzo Fernández,38,11,1233,1453,84.9,22522,6417,142,34,66,0,54,3,5,0,4,3,0,0,1,0,21,19,15,10,23,52,44.2,33,12,21,15,59,23,0
2024,Chelsea,Premier League,Conor Gallagher,32,11,1243,1406,88.4,18699,4278,100,27,76,4,53,4,1,4,8,4,0,1,0,0,38,25,27,13,25,52,48.1,38,8,30,32,97,13,0
2024,Chelsea,Premier League,Alfie Gilchrist,0,0,15,21,71.4,241,59,0,0,1,0,1,0,0,0,0,0,0,0,0,0,0,1,0,0,0,1,0,1,1,0,1,2,2,0
2024,Chelsea,Premier League,Malo Gusto,8,1,920,1066,86.3,13103,3701,37,18,31,1,28,0,0,1,6,6,0,0,0,0,21,28,11,2,25,39,64.1,21,3,18,10,51,32,1
2024,Chelsea,Premier League,Nicolas Jackson,51,23,322,408,78.9,3883,966,25,12,51,12,32,2,3,1,7,5,2,0,0,0,7,1,4,5,1,14,7.1,15,5,10,3,13,14,0
2024,Chelsea,Premier League,Reece James,7,1,253,315,80.3,4003,1214,18,6,14,0,12,1,0,0,2,1,0,1,0,0,8,10,2,1,8,10,80,4,4,0,3,16,7,1
2024,Chelsea,Premier League,Roméo Lavia,0,0,22,27,81.5,350,51,4,0,0,0,0,0,0,0,0,0,0,0,0,0,0,0,1,0,0,0,NA,0,0,0,0,1,1,0
2024,Chelsea,Premier League,Ian Maatsen,5,0,97,138,70.3,1316,400,6,2,5,0,3,1,0,0,0,0,0,0,0,0,2,1,1,1,0,4,0,4,0,4,3,6,10,0
2024,Chelsea,Premier League,Noni Madueke,9,3,151,188,80.3,1872,386,4,5,16,2,11,0,2,0,2,1,0,0,1,0,5,4,2,1,5,13,38.5,5,0,5,1,8,6,0
2024,Chelsea,Premier League,Alex Matos,0,0,0,0,NA,0,0,0,0,0,0,0,0,0,0,0,0,0,0,0,0,0,0,0,0,0,0,NA,0,0,0,0,0,0,0
2024,Chelsea,Premier League,Mykhailo Mudryk,16,4,220,327,67.3,2943,973,15,14,29,2,18,1,2,0,5,2,0,1,1,0,10,7,5,5,7,22,31.8,10,1,9,4,21,5,0
2024,Chelsea,Premier League,Christopher Nkunku,11,5,87,99,87.9,1045,238,4,5,9,1,7,1,0,0,1,1,0,0,0,0,1,0,2,0,0,0,NA,3,0,3,2,4,3,0
2024,Chelsea,Premier League,Cole Palmer,49,18,762,934,81.6,12487,3680,88,53,85,5,69,4,2,4,13,11,1,0,0,1,9,6,4,6,6,16,37.5,13,1,12,12,28,11,2
2024,Chelsea,Premier League,Đorđe Petrović,0,0,279,361,77.3,6625,4261,1,0,1,0,1,0,0,0,0,0,0,0,0,0,0,0,0,0,0,0,NA,0,0,0,0,0,5,0
2024,Chelsea,Premier League,Robert Sánchez,0,0,500,609,82.1,11860,7720,8,0,2,0,1,0,0,0,0,0,0,0,0,0,0,0,0,0,0,0,NA,0,0,0,0,0,11,3
2024,Chelsea,Premier League,Thiago Silva,9,3,1630,1728,94.3,29684,11449,99,9,21,0,20,0,0,0,2,2,0,0,0,0,11,21,3,1,17,29,58.6,26,20,6,21,46,108,3
2024,Chelsea,Premier League,Raheem Sterling,40,15,464,637,72.8,5994,1475,24,34,70,12,44,4,6,4,11,6,2,0,3,0,10,7,7,6,11,22,50,10,0,10,12,32,8,0
2024,Chelsea,Premier League,Lesley Ugochukwu,0,0,141,167,84.4,2263,583,9,4,3,0,3,0,0,0,0,0,0,0,0,0,9,3,8,1,3,8,37.5,5,2,3,1,13,3,0
2024,Chelsea,Premier League,Deivid Washington,1,0,1,1,100,25,0,0,0,0,0,0,0,0,0,0,0,0,0,0,0,1,1,0,0,0,1,0,0,0,0,0,1,0,0
2024,Crystal Palace,Premier League,Naouirou Ahamada,5,1,81,102,79.4,1177,291,2,0,6,0,6,0,0,0,2,2,0,0,0,0,3,3,1,0,3,9,33.3,2,0,2,1,5,3,0
2024,Crystal Palace,Premier League,Joachim Andersen,17,8,1247,1578,79,27588,10179,138,15,32,0,27,3,0,1,3,3,0,0,0,0,21,25,8,1,19,28,67.9,27,17,10,30,64,133,1
2024,Crystal Palace,Premier League,Jordan Ayew,39,15,542,738,73.4,7935,1693,35,24,64,3,37,7,11,2,10,8,1,0,1,0,27,21,19,12,14,32,43.8,37,2,35,13,65,12,0
2024,Crystal Palace,Premier League,Nathaniel Clyne,2,0,257,322,79.8,3855,1642,21,2,4,0,3,0,0,1,0,0,0,0,0,0,9,7,6,2,9,12,75,9,2,7,4,19,21,0
2024,Crystal Palace,Premier League,Cheick Doucouré,6,2,367,422,87,5725,1849,39,5,23,1,19,2,0,1,3,3,0,0,0,0,17,15,13,6,18,30,60,13,2,11,20,54,12,0
2024,Crystal Palace,Premier League,Odsonne Édouard,46,17,209,303,69,2582,593,10,13,41,6,26,7,1,1,2,2,0,0,0,0,10,7,5,7,3,17,17.6,14,1,13,5,24,19,0
2024,Crystal Palace,Premier League,Eberechi Eze,48,19,395,519,76.1,6418,1800,28,22,64,4,23,7,8,1,4,2,0,0,2,0,9,1,11,11,10,21,47.6,11,1,10,6,29,4,0
2024,Crystal Palace,Premier League,Matheus França,8,2,51,79,64.6,910,256,4,2,8,0,4,0,1,0,2,1,0,0,1,0,3,2,1,0,1,7,14.3,4,0,4,1,4,1,0
2024,Crystal Palace,Premier League,Marc Guéhi,5,0,1073,1239,86.6,21710,7619,80,4,18,0,13,2,2,1,2,2,0,0,0,0,17,21,5,0,13,23,56.5,22,17,5,18,44,86,1
2024,Crystal Palace,Premier League,Dean Henderson,0,0,142,237,59.9,4269,3136,5,1,0,0,0,0,0,0,0,0,0,0,0,0,0,0,0,0,0,0,NA,0,0,0,0,0,6,1
2024,Crystal Palace,Premier League,Will Hughes,4,2,472,567,83.2,6739,1853,44,10,34,1,21,0,2,1,2,2,0,0,0,0,22,18,14,8,13,28,46.4,24,9,15,12,52,20,0
2024,Crystal Palace,Premier League,Sam Johnstone,0,0,321,555,57.8,10870,8212,13,0,2,0,1,0,0,0,1,0,0,0,0,0,0,1,0,0,1,1,100,0,0,0,1,2,5,0
2024,Crystal Palace,Premier League,Jefferson Lerma,30,9,801,986,81.2,12406,3793,92,17,42,1,37,2,1,1,3,3,0,0,0,0,17,8,19,3,11,28,39.3,24,8,16,25,55,46,0
2024,Crystal Palace,Premier League,Jean-Philippe Mateta,20,8,194,268,72.4,2443,524,6,10,47,4,34,4,4,1,8,6,0,0,2,0,8,3,6,3,3,5,60,8,2,6,3,15,7,0
2024,Crystal Palace,Premier League,Remi Matthews,0,0,0,5,0,0,0,0,0,0,0,0,0,0,0,0,0,0,0,0,0,0,0,0,0,0,0,NA,0,0,0,0,0,1,0
2024,Crystal Palace,Premier League,Tyrick Mitchell,4,2,805,1132,71.1,13138,5674,55,19,26,0,23,0,0,1,3,3,0,0,0,0,36,57,9,6,27,38,71.1,37,8,29,21,93,84,0
2024,Crystal Palace,Premier League,Daniel Muñoz,2,0,154,198,77.8,2098,686,3,2,10,0,9,0,1,0,1,1,0,0,0,0,11,9,2,1,6,13,46.2,9,5,4,6,18,17,0
2024,Crystal Palace,Premier League,Michael Olise,30,9,302,429,70.4,4994,1552,27,17,50,7,24,4,4,0,6,5,1,0,0,0,8,5,8,1,8,20,40,14,0,14,6,20,8,0
2024,Crystal Palace,Premier League,David Ozoh,0,0,40,43,93,576,82,3,0,0,0,0,0,0,0,0,0,0,0,0,0,5,3,5,1,5,6,83.3,2,0,2,0,9,2,0
2024,Crystal Palace,Premier League,Jesuran Rak Sakyi,5,1,37,50,74,535,79,2,0,6,2,4,0,0,0,0,0,0,0,0,0,1,3,1,0,2,3,66.7,2,0,2,3,7,1,0
2024,Crystal Palace,Premier League,Chris Richards,6,1,417,514,81.1,7218,2118,22,1,10,0,7,2,0,1,2,2,0,0,0,0,20,17,15,2,15,21,71.4,24,9,15,20,54,72,0
2024,Crystal Palace,Premier League,Jaïro Riedewald,0,0,48,65,73.8,779,159,1,1,0,0,0,0,0,0,0,0,0,0,0,0,1,0,2,2,1,2,50,0,0,0,2,6,0,0
2024,Crystal Palace,Premier League,Jeffrey Schlupp,17,9,216,291,74.2,3011,790,15,6,23,2,17,1,2,1,1,1,0,0,0,0,21,14,15,6,9,17,52.9,12,2,10,7,42,23,0
2024,Crystal Palace,Premier League,James Tomkins,0,0,8,11,72.7,99,29,0,0,0,0,0,0,0,0,0,0,0,0,0,0,0,0,0,0,0,0,NA,0,0,0,1,1,0,0
2024,Crystal Palace,Premier League,Joel Ward,9,0,596,779,76.5,9920,4581,58,7,15,0,12,1,0,0,3,2,0,0,0,0,22,21,14,1,24,40,60,13,8,5,8,44,70,1
2024,Crystal Palace,Premier League,Adam Wharton,2,0,111,155,71.6,2079,698,8,2,11,0,5,0,0,0,0,0,0,0,0,0,13,4,8,3,8,17,47.1,5,2,3,7,22,5,1
2024,Everton,Premier League,Beto,33,8,77,133,57.9,974,218,7,2,27,6,16,2,1,2,1,1,0,0,0,0,5,1,6,4,3,10,30,9,0,9,0,11,10,0
2024,Everton,Premier League,Jarrad Branthwaite,8,3,761,962,79.1,14172,5182,34,1,15,0,12,1,2,0,1,1,0,0,0,0,25,31,16,1,33,40,82.5,31,22,9,41,89,107,1
2024,Everton,Premier League,Dominic Calvert-Lewin,51,16,180,321,56.1,2180,467,11,9,38,0,30,5,2,1,4,1,0,3,0,0,3,1,5,3,2,11,18.2,11,3,8,3,12,25,0
2024,Everton,Premier League,Thomas Cannon,0,0,0,0,NA,0,0,0,0,0,0,0,0,0,0,0,0,0,0,0,0,0,0,0,0,0,0,NA,0,0,0,0,0,0,0
2024,Everton,Premier League,Youssef Chermiti,4,1,12,19,63.2,173,26,0,1,3,0,2,1,0,0,0,0,0,0,0,0,0,0,0,0,0,2,0,1,0,1,0,0,0,0
2024,Everton,Premier League,Séamus Coleman,0,0,63,101,62.4,1015,525,6,1,2,1,1,0,0,0,0,0,0,0,0,0,7,5,1,2,5,8,62.5,3,2,1,3,11,11,0
2024,Everton,Premier League,Arnaut Danjuma,25,9,102,152,67.1,1420,357,6,2,18,1,9,5,2,1,1,0,0,1,0,0,4,2,3,1,1,4,25,4,0,4,3,9,0,0
2024,Everton,Premier League,Lewis Dobbin,4,2,31,49,63.3,393,78,0,2,5,0,2,2,1,0,0,0,0,0,0,0,5,3,2,1,4,8,50,4,1,3,1,7,0,0
2024,Everton,Premier League,Abdoulaye Doucouré,34,16,451,588,76.7,6305,1502,34,12,53,0,45,6,1,1,4,2,0,2,0,0,18,13,11,5,13,30,43.3,19,2,17,13,42,11,0
2024,Everton,Premier League,Idrissa Gana Gueye,20,3,503,603,83.4,7837,2008,45,6,38,0,26,5,2,5,3,3,0,0,0,0,36,22,19,12,20,36,55.6,16,3,13,19,72,10,0
2024,Everton,Premier League,James Garner,31,9,720,932,77.3,12470,3530,78,19,78,3,42,5,3,5,8,3,0,1,1,2,34,27,29,10,28,69,40.6,36,10,26,37,103,38,1
2024,Everton,Premier League,Ben Godfrey,8,2,176,254,69.3,3161,1484,18,4,14,0,7,4,0,2,2,1,0,0,0,1,14,11,5,4,10,20,50,9,4,5,6,26,27,0
2024,Everton,Premier League,André Gomes,4,3,59,81,72.8,1041,390,9,3,7,0,6,1,0,0,0,0,0,0,0,0,1,1,0,0,0,1,0,6,0,6,1,2,0,0
2024,Everton,Premier League,Jack Harrison,23,8,286,462,61.9,4126,1704,24,26,48,2,34,5,5,1,6,4,0,1,1,0,10,4,9,8,10,34,29.4,15,0,15,9,30,18,0
2024,Everton,Premier League,Alex Iwobi,4,2,27,42,64.3,545,179,1,3,12,2,6,3,0,0,0,0,0,0,0,0,0,1,0,1,2,3,66.7,2,0,2,1,3,0,0
2024,Everton,Premier League,Michael Keane,6,4,152,195,77.9,3188,1127,12,0,4,0,3,1,0,0,1,0,0,1,0,0,3,3,3,1,1,6,16.7,4,4,0,5,12,18,1
2024,Everton,Premier League,Neal Maupay,5,4,22,26,84.6,353,14,0,0,3,0,3,0,0,0,0,0,0,0,0,0,0,0,0,0,0,1,0,2,0,2,0,0,1,0
2024,Everton,Premier League,Dwight McNeil,38,11,541,806,67.1,9210,3056,43,34,76,4,49,1,4,2,4,1,0,0,0,0,16,12,9,8,16,40,40,35,6,29,14,43,26,0
2024,Everton,Premier League,Vitaliy Mykolenko,22,5,683,920,74.2,10551,4440,34,13,30,1,26,3,0,0,2,0,0,2,0,0,34,40,19,1,35,55,63.6,28,10,18,32,92,73,0
2024,Everton,Premier League,Amadou Onana,22,5,640,764,83.8,10696,2926,71,11,45,1,38,3,3,0,0,0,0,0,0,0,31,25,20,7,14,30,46.7,16,2,14,11,63,22,0
2024,Everton,Premier League,Tyler Onyango,0,0,0,0,NA,0,0,0,0,0,0,0,0,0,0,0,0,0,0,0,0,0,0,0,0,0,0,NA,0,0,0,0,0,0,0
2024,Everton,Premier League,Nathan Patterson,4,0,367,512,71.7,5741,2638,30,14,19,0,13,1,0,2,2,2,0,0,0,0,23,21,10,2,14,37,37.8,14,3,11,9,42,32,0
2024,Everton,Premier League,Jordan Pickford,0,0,719,1106,65,23912,18989,62,4,19,0,10,0,0,0,0,0,0,0,0,0,0,0,0,0,0,0,NA,1,0,1,0,0,13,0
2024,Everton,Premier League,James Tarkowski,18,3,855,1125,76,18304,7777,92,18,30,1,25,3,0,1,2,2,0,0,0,0,26,28,12,0,19,32,59.4,60,41,19,48,88,131,2
2024,Everton,Premier League,Ashley Young,9,1,503,731,68.8,9081,4157,40,20,42,0,27,4,2,1,0,0,0,0,0,0,20,14,11,4,17,35,48.6,14,5,9,16,45,32,2
2024,Fulham,Premier League,Tosin Adarabioyo,9,3,623,741,84.1,12733,4662,26,2,6,0,3,3,0,0,0,0,0,0,0,0,8,10,4,0,10,14,71.4,11,8,3,17,31,58,0
2024,Fulham,Premier League,Fodé Ballo-Touré,0,0,50,70,71.4,881,200,3,0,0,0,0,0,0,0,0,0,0,0,0,0,2,1,2,0,1,1,100,1,0,1,3,6,2,0
2024,Fulham,Premier League,Calvin Bassey,3,1,821,955,86,15601,5167,39,1,5,0,4,1,0,0,1,0,0,1,0,0,15,15,9,1,8,12,66.7,19,8,11,21,46,43,3
2024,Fulham,Premier League,Armando Broja,0,0,7,11,63.6,59,22,2,0,0,0,0,0,0,0,0,0,0,0,0,0,0,0,0,0,0,0,NA,1,0,1,0,0,0,0
2024,Fulham,Premier League,Tom Cairney,12,5,875,993,88.1,13551,2972,69,19,50,0,44,1,1,2,11,10,0,0,1,0,13,10,9,2,11,23,47.8,14,3,11,13,34,5,0
2024,Fulham,Premier League,Timothy Castagne,11,2,1013,1240,81.7,15961,5687,58,15,39,3,30,3,0,1,0,0,0,0,0,0,17,15,12,9,20,31,64.5,27,7,20,32,68,53,1
2024,Fulham,Premier League,Issa Diop,4,1,804,910,88.4,14951,5431,55,2,4,0,4,0,0,0,0,0,0,0,0,0,12,17,5,1,11,16,68.8,20,14,6,12,35,63,1
2024,Fulham,Premier League,Luke Harris,1,1,11,14,78.6,172,14,0,1,0,0,0,0,0,0,0,0,0,0,0,0,1,1,0,0,0,1,0,0,0,0,0,1,0,0
2024,Fulham,Premier League,Alex Iwobi,36,12,515,644,80,8294,2502,50,22,55,5,42,8,0,0,7,5,0,2,0,0,11,7,8,1,7,18,38.9,9,0,9,13,29,5,0
2024,Fulham,Premier League,Raúl Jiménez,36,15,216,323,66.9,2830,529,16,8,24,4,13,6,0,1,3,0,1,2,0,0,10,3,7,3,6,17,35.3,9,2,7,3,16,12,0
2024,Fulham,Premier League,Bernd Leno,0,0,866,1103,78.5,21137,12727,17,0,1,0,1,0,0,0,0,0,0,0,0,0,0,0,0,0,0,0,NA,0,0,0,0,0,12,1
2024,Fulham,Premier League,Saša Lukić,6,1,248,285,87,3978,947,19,3,12,0,8,3,0,1,0,0,0,0,0,0,9,4,9,5,8,18,44.4,7,3,4,8,26,9,1
2024,Fulham,Premier League,Aleksandar Mitrović,2,1,4,8,50,78,24,1,1,2,1,1,0,0,0,1,1,0,0,0,0,0,0,0,0,0,0,NA,0,0,0,0,0,0,0
2024,Fulham,Premier League,Rodrigo Muniz,33,11,71,125,56.8,937,227,5,4,16,1,10,0,3,2,0,0,0,0,0,0,2,0,3,0,0,3,0,6,2,4,4,7,11,0
2024,Fulham,Premier League,João Palhinha,24,9,726,885,82,12785,3241,60,2,17,0,13,2,0,1,2,1,0,1,0,0,55,61,34,10,70,106,66,42,7,35,36,141,40,0
2024,Fulham,Premier League,Andreas Pereira,34,9,630,893,70.5,11082,3613,66,24,92,1,53,2,3,0,8,6,0,0,0,0,7,2,7,7,6,26,23.1,13,2,11,3,19,12,0
2024,Fulham,Premier League,Tim Ream,1,1,898,1010,88.9,17990,6481,76,1,8,0,7,0,0,0,1,1,0,0,0,0,9,11,5,2,7,15,46.7,22,15,7,25,43,56,2
2024,Fulham,Premier League,Harrison Reed,7,1,499,598,83.4,7747,1752,34,9,19,0,17,0,1,0,3,2,0,0,0,0,12,6,12,3,10,25,40,18,9,9,9,30,20,0
2024,Fulham,Premier League,Bobby Reid,24,7,304,411,74,4193,1141,19,15,28,0,23,3,0,2,4,3,0,0,0,1,11,3,11,2,3,10,30,17,2,15,3,19,12,0
2024,Fulham,Premier League,Antonee Robinson,10,4,1009,1391,72.5,18167,6651,75,32,51,1,47,0,0,1,5,5,0,0,0,0,43,44,18,7,41,75,54.7,36,5,31,65,134,78,3
2024,Fulham,Premier League,Kenny Tete,3,1,310,391,79.3,4663,1761,32,6,8,2,6,0,0,0,0,0,0,0,0,0,14,14,5,2,9,17,52.9,7,3,4,16,37,31,0
2024,Fulham,Premier League,Adama Traoré,3,3,18,25,72,343,96,0,4,3,1,2,0,0,0,2,1,1,0,0,0,0,0,1,0,1,2,50,0,0,0,0,1,1,0
2024,Fulham,Premier League,Carlos Vinícius,9,5,46,62,74.2,587,115,1,0,9,1,8,0,0,0,1,1,0,0,0,0,2,0,1,2,0,4,0,4,0,4,0,3,1,0
2024,Fulham,Premier League,Willian,35,14,657,799,82.2,11567,2627,43,44,80,4,60,6,1,0,8,8,0,0,0,0,4,3,2,3,2,15,13.3,12,0,12,8,16,12,0
2024,Fulham,Premier League,Harry Wilson,30,10,375,488,76.8,5722,1171,25,21,53,4,35,3,7,2,8,7,0,0,1,0,12,8,8,3,11,23,47.8,23,3,20,10,29,9,0
2024,Liverpool,Premier League,Thiago Alcántara,0,0,7,10,70,130,30,0,0,0,0,0,0,0,0,0,0,0,0,0,0,0,0,0,0,0,0,NA,0,0,0,0,0,0,0
2024,Liverpool,Premier League,Trent Alexander-Arnold,30,4,1148,1534,74.8,22646,9291,146,42,99,5,62,4,0,0,7,4,0,0,0,0,19,19,8,1,20,67,29.9,13,1,12,23,51,39,4
2024,Liverpool,Premier League,Alisson,0,0,765,897,85.3,16907,10411,6,0,11,0,10,0,0,0,0,0,0,0,0,0,0,0,0,0,0,1,0,0,0,0,0,0,10,3
2024,Liverpool,Premier League,Owen Beck,0,0,3,4,75,31,1,0,0,0,0,0,0,0,0,0,0,0,0,0,0,1,1,1,0,0,0,NA,0,0,0,0,2,1,0
2024,Liverpool,Premier League,Conor Bradley,7,4,199,263,75.7,2973,983,12,9,17,3,9,2,1,1,3,2,0,0,0,0,12,8,5,2,10,17,58.8,8,0,8,3,18,7,0
2024,Liverpool,Premier League,Bobby Clark,2,0,38,49,77.6,465,64,3,0,1,0,0,1,0,0,0,0,0,0,0,0,1,1,1,0,1,5,20,6,2,4,1,3,1,0
2024,Liverpool,Premier League,Jayden Danns,0,0,5,7,71.4,73,16,0,1,0,0,0,0,0,0,0,0,0,0,0,0,0,0,0,0,0,0,NA,0,0,0,0,0,0,0
2024,Liverpool,Premier League,Luis Díaz,65,22,567,687,82.5,8640,1836,40,27,96,10,70,8,7,0,7,7,0,0,0,0,16,3,9,8,6,26,23.1,13,0,13,2,22,7,0
2024,Liverpool,Premier League,Ben Doak,0,0,4,4,100,45,8,0,0,0,0,0,0,0,0,0,0,0,0,0,0,0,0,0,0,0,0,NA,0,0,0,0,0,0,0
2024,Liverpool,Premier League,Harvey Elliott,28,9,438,526,83.3,6743,1556,40,21,37,1,30,3,0,1,2,2,0,0,0,0,11,3,9,3,6,18,33.3,13,0,13,4,19,6,0
2024,Liverpool,Premier League,Wataru Endo,8,2,638,737,86.6,10029,2827,70,14,34,1,26,3,2,2,1,1,0,0,0,0,16,7,15,4,11,35,31.4,15,2,13,10,36,19,1
2024,Liverpool,Premier League,Cody Gakpo,41,16,262,344,76.2,3600,1079,29,18,36,3,24,6,1,1,5,3,0,2,0,0,11,5,9,4,4,14,28.6,18,4,14,8,26,7,0
2024,Liverpool,Premier League,Joe Gomez,13,1,845,1028,82.2,14605,3828,57,10,38,1,32,3,2,0,4,4,0,0,0,0,21,18,12,5,24,49,49,18,3,15,13,48,40,2
2024,Liverpool,Premier League,Kaide Gordon,0,0,1,1,100,16,11,0,0,0,0,0,0,0,0,0,0,0,0,0,0,0,0,0,0,0,0,NA,0,0,0,0,0,0,0
2024,Liverpool,Premier League,Ryan Gravenberch,15,6,306,373,82,4162,1356,29,19,30,1,24,5,0,0,0,0,0,0,0,0,9,5,9,6,7,21,33.3,14,1,13,11,31,11,0
2024,Liverpool,Premier League,Curtis Jones,15,4,556,615,90.4,8090,1707,52,8,30,3,23,2,1,1,2,2,0,0,0,0,13,12,7,2,8,20,40,17,0,17,6,27,8,0
2024,Liverpool,Premier League,Diogo Jota,36,17,270,368,73.4,3800,914,17,11,44,5,34,2,3,0,13,7,4,1,1,0,13,6,13,4,10,22,45.5,8,1,7,6,29,4,0
2024,Liverpool,Premier League,Caoimhín Kelleher,0,0,200,262,76.3,4505,2881,5,0,0,0,0,0,0,0,0,0,0,0,0,0,0,0,0,0,0,0,NA,0,0,0,0,0,2,1
2024,Liverpool,Premier League,Ibrahima Konaté,8,2,1048,1191,88,18583,7605,115,8,21,0,21,0,0,0,1,1,0,0,0,0,19,18,11,1,15,21,71.4,17,11,6,18,48,45,0
2024,Liverpool,Premier League,Alexis Mac Allister,20,4,1108,1276,86.8,17249,4939,99,19,61,3,49,1,2,2,11,9,1,0,0,0,35,21,32,7,40,85,47.1,48,5,43,26,86,14,0
2024,Liverpool,Premier League,Joël Matip,5,0,494,564,87.6,8687,3066,27,2,8,0,8,0,0,0,1,1,0,0,0,0,6,7,4,1,8,12,66.7,16,12,4,9,21,43,0
2024,Liverpool,Premier League,James McConnell,0,0,5,6,83.3,93,29,0,0,0,0,0,0,0,0,0,0,0,0,0,0,0,0,0,0,0,0,NA,1,0,1,1,1,0,0
2024,Liverpool,Premier League,Darwin Núñez,83,36,263,372,70.7,3643,765,17,20,62,3,46,12,1,0,12,10,0,2,0,0,12,2,9,8,10,21,47.6,17,6,11,2,21,4,0
2024,Liverpool,Premier League,Jarell Quansah,2,0,406,462,87.9,7201,2403,15,0,1,0,1,0,0,0,0,0,0,0,0,0,6,6,1,0,4,5,80,4,1,3,5,12,16,0
2024,Liverpool,Premier League,Andrew Robertson,4,2,735,898,81.8,12476,4072,58,11,43,0,22,0,1,0,2,1,0,0,0,0,18,16,7,2,17,25,68,10,3,7,9,34,29,0
2024,Liverpool,Premier League,Mohamed Salah,61,27,528,719,73.4,7688,2218,38,45,91,4,70,10,5,1,16,12,2,1,1,0,9,0,5,8,5,17,29.4,15,1,14,2,15,0,0
2024,Liverpool,Premier League,Dominik Szoboszlai,42,10,1001,1204,83.1,15969,3985,73,24,77,3,55,2,3,0,6,4,0,1,1,0,18,10,11,8,15,44,34.1,32,2,30,11,40,16,1
2024,Liverpool,Premier League,Kostas Tsimikas,3,0,380,493,77.1,6563,1706,16,7,32,0,20,0,2,1,2,2,0,0,0,0,13,9,6,4,9,15,60,9,1,8,6,25,10,0
2024,Liverpool,Premier League,Virgil van Dijk,28,10,1786,1971,90.6,34033,13012,145,6,43,0,40,3,0,0,3,3,0,0,0,0,13,17,7,3,8,9,88.9,35,26,9,30,57,110,0
2024,Luton Town,Premier League,Elijah Adebayo,28,12,128,177,72.3,1627,336,7,3,26,3,18,4,1,0,3,1,0,2,0,0,0,1,0,0,0,9,0,8,1,7,5,6,23,0
2024,Luton Town,Premier League,Ross Barkley,47,9,778,951,81.8,13761,4214,92,20,78,10,48,6,3,3,8,5,0,1,1,0,15,13,17,7,7,32,21.9,17,6,11,18,55,40,2
2024,Luton Town,Premier League,Amari'i Bell,2,2,645,835,77.2,10680,4470,63,8,25,0,22,0,2,1,3,3,0,0,0,0,33,30,19,1,22,35,62.9,33,15,18,25,75,60,1
2024,Luton Town,Premier League,Luke Berry,1,0,10,19,52.6,163,55,0,0,1,0,0,0,0,0,0,0,0,0,0,0,0,0,0,0,0,0,NA,1,0,1,0,0,0,0
2024,Luton Town,Premier League,Jacob Brown,26,6,136,247,55.1,1865,626,6,3,15,1,10,1,3,0,0,0,0,0,0,0,12,7,7,5,7,18,38.9,20,1,19,8,27,22,0
2024,Luton Town,Premier League,Reece Burke,11,3,243,343,70.8,4554,1740,25,5,15,0,9,5,0,0,2,1,0,1,0,0,10,8,5,3,5,13,38.5,10,6,4,10,26,43,0
2024,Luton Town,Premier League,Tahith Chong,21,5,232,294,78.9,3811,900,18,11,32,2,20,2,6,2,3,1,0,2,0,0,9,14,5,2,8,17,47.1,15,3,12,4,25,2,0
2024,Luton Town,Premier League,Jordan Clark,4,1,119,172,69.2,2064,623,8,5,11,1,8,2,0,0,0,0,0,0,0,0,5,7,5,2,3,14,21.4,10,1,9,4,18,4,0
2024,Luton Town,Premier League,Alfie Doughty,20,3,740,1127,65.7,13994,5446,52,25,85,3,39,4,1,0,12,4,1,2,0,0,24,19,12,9,22,52,42.3,25,1,24,19,59,29,1
2024,Luton Town,Premier League,Daiki Hashioka,0,0,17,19,89.5,294,144,2,0,0,0,0,0,0,0,0,0,0,0,0,0,1,1,0,0,0,0,NA,0,0,0,0,1,1,0
2024,Luton Town,Premier League,Ryan John Giles,2,2,140,218,64.2,2294,949,10,10,12,1,8,0,0,0,0,0,0,0,0,0,6,4,3,1,2,7,28.6,2,0,2,4,12,22,0
2024,Luton Town,Premier League,Mads Juel Andersen,3,1,87,117,74.4,1570,766,7,0,0,0,0,0,0,0,0,0,0,0,0,0,5,4,2,0,4,4,100,9,6,3,8,14,29,0
2024,Luton Town,Premier League,Issa Kaboré,6,1,321,465,69,4984,2101,19,13,23,2,17,2,1,1,2,1,0,1,0,0,20,19,11,5,15,28,53.6,13,5,8,12,47,31,2
2024,Luton Town,Premier League,Thomas Kaminski,0,0,567,984,57.6,18137,14690,34,1,1,0,1,0,0,0,0,0,0,0,0,0,1,2,0,0,2,4,50,1,0,1,0,2,9,2
2024,Luton Town,Premier League,Tom Lockyer,7,1,301,422,71.3,6628,3120,37,4,10,0,9,0,0,1,1,1,0,0,0,0,16,17,6,2,15,22,68.2,23,13,10,23,48,68,0
2024,Luton Town,Premier League,Teden Mengi,8,3,451,589,76.6,8658,3250,39,4,10,1,9,0,0,0,0,0,0,0,0,0,13,24,12,1,13,21,61.9,22,13,9,42,79,84,0
2024,Luton Town,Premier League,Carlton Morris,45,16,291,468,62.2,3850,732,21,9,56,3,41,7,4,1,7,3,0,3,1,0,6,3,3,3,4,9,44.4,14,1,13,1,10,27,0
2024,Luton Town,Premier League,Marvelous Nakamba,5,0,356,423,84.2,5622,1605,27,2,13,0,13,0,0,0,0,0,0,0,0,0,24,24,14,2,24,42,57.1,23,6,17,11,51,11,1
2024,Luton Town,Premier League,Chiedozie Ogbene,29,12,475,644,73.8,6553,1854,17,17,69,10,48,4,5,0,6,1,2,1,2,0,9,9,6,0,10,19,52.6,10,2,8,4,19,30,2
2024,Luton Town,Premier League,Gabriel Osho,7,2,397,492,80.7,7374,2622,17,0,4,1,3,0,0,0,2,2,0,0,0,0,17,14,13,1,12,19,63.2,33,17,16,27,55,69,0
2024,Luton Town,Premier League,Pelly Ruddock Mpanzu,10,1,187,264,70.8,3172,788,15,12,14,1,10,1,1,0,0,0,0,0,0,0,1,2,6,0,4,8,50,10,4,6,6,14,14,1
2024,Luton Town,Premier League,Albert Sambi Lokonga,7,1,437,500,87.4,7328,2120,51,4,18,0,15,1,1,1,2,2,0,0,0,0,12,10,7,2,13,18,72.2,19,11,8,6,25,11,0
2024,Luton Town,Premier League,Andros Townsend,17,6,202,296,68.2,3575,900,17,9,28,3,16,3,1,0,4,2,1,1,0,0,11,7,1,7,11,21,52.4,11,0,11,4,19,4,0
2024,Luton Town,Premier League,Cauley Woodrow,9,2,55,84,65.5,671,65,2,1,10,1,7,2,0,0,0,0,0,0,0,0,7,5,2,3,7,13,53.8,2,1,1,0,10,6,0
2024,Manchester City,Premier League,Manuel Akanji,10,4,1393,1499,92.9,22809,5875,134,9,33,0,27,2,2,1,3,3,0,0,0,0,15,9,10,5,14,26,53.8,21,10,11,17,41,51,1
2024,Manchester City,Premier League,Nathan Aké,18,4,1404,1520,92.4,21469,6989,126,5,34,2,27,4,1,0,6,3,1,2,0,0,10,13,5,2,11,16,68.8,12,1,11,9,29,39,0
2024,Manchester City,Premier League,Julián Álvarez,72,28,817,1019,80.2,11441,2545,38,31,97,3,62,6,1,0,12,10,0,0,1,0,9,3,7,8,6,24,25,23,0,23,2,20,13,0
2024,Manchester City,Premier League,Oscar Bobb,3,1,95,109,87.2,1267,272,2,13,14,4,9,0,1,0,5,2,2,0,1,0,0,1,0,2,1,2,50,3,0,3,1,4,1,0
2024,Manchester City,Premier League,Kevin De Bruyne,16,3,313,428,73.1,5059,1534,30,26,40,2,28,1,1,0,7,5,0,0,1,0,3,1,1,2,4,7,57.1,1,0,1,1,5,1,0
2024,Manchester City,Premier League,Rúben Dias,16,7,1839,1966,93.5,32151,10207,176,8,21,0,15,5,0,1,2,1,0,1,0,0,12,11,15,1,14,20,70,25,13,12,22,49,69,0
2024,Manchester City,Premier League,Jeremy Doku,32,9,507,632,80.2,7233,1156,7,29,74,9,58,4,2,0,8,6,1,1,0,0,19,10,11,7,9,17,52.9,9,0,9,8,36,3,0
2024,Manchester City,Premier League,Ederson,0,0,871,1003,86.8,21415,14420,22,1,5,0,3,0,0,0,0,0,0,0,0,0,0,0,0,0,0,1,0,0,0,0,0,0,6,1
2024,Manchester City,Premier League,Phil Foden,83,34,1174,1371,85.6,15912,2946,49,49,110,6,87,4,5,1,14,12,0,0,1,0,13,10,7,6,12,24,50,21,0,21,13,36,14,1
2024,Manchester City,Premier League,Sergio Gómez,0,0,16,20,80,249,16,0,0,2,1,1,0,0,0,2,1,1,0,0,0,0,0,0,0,0,0,NA,0,0,0,1,1,0,0
2024,Manchester City,Premier League,Jack Grealish,16,5,334,394,84.8,4756,635,11,12,40,1,34,2,3,0,2,2,0,0,0,0,8,6,6,0,6,11,54.5,12,2,10,4,16,4,0
2024,Manchester City,Premier League,Joško Gvardiol,18,7,1059,1216,87.1,16345,4181,101,9,30,3,22,1,1,2,0,0,0,0,0,0,21,11,15,4,14,23,60.9,20,9,11,20,50,24,2
2024,Manchester City,Premier League,Erling Haaland,86,38,197,263,74.9,2206,382,11,9,41,2,27,7,5,0,9,4,1,3,1,0,1,0,3,1,2,2,100,9,1,8,1,5,12,0
2024,Manchester City,Premier League,Mateo Kovačić,13,3,823,879,93.6,11698,2371,73,11,35,1,29,4,1,0,4,3,0,1,0,0,16,11,8,2,11,17,64.7,12,0,12,2,23,8,0
2024,Manchester City,Premier League,Aymeric Laporte,1,1,11,11,100,202,48,0,0,0,0,0,0,0,0,0,0,0,0,0,0,0,0,0,0,0,0,NA,1,1,0,0,0,1,0
2024,Manchester City,Premier League,Rico Lewis,2,2,239,266,89.8,3374,456,12,2,6,0,6,0,0,0,0,0,0,0,0,0,3,3,1,1,1,3,33.3,4,1,3,4,9,3,0
2024,Manchester City,Premier League,James Mcatee,0,0,0,0,NA,0,0,0,0,0,0,0,0,0,0,0,0,0,0,0,0,0,0,0,0,0,0,NA,1,0,1,0,0,0,0
2024,Manchester City,Premier League,Matheus Nunes,3,2,264,314,84.1,3626,596,17,11,17,0,13,1,3,0,3,3,0,0,0,0,3,1,5,2,4,10,40,4,1,3,0,8,7,0
2024,Manchester City,Premier League,Stefan Ortega,0,0,61,86,70.9,1497,1115,1,0,0,0,0,0,0,0,0,0,0,0,0,0,0,0,0,0,0,0,NA,0,0,0,0,0,0,1
2024,Manchester City,Premier League,Cole Palmer,0,0,4,5,80,51,0,0,0,0,0,0,0,0,0,0,0,0,0,0,0,0,0,0,0,0,0,NA,0,0,0,0,0,0,0
2024,Manchester City,Premier League,Kalvin Phillips,2,0,62,70,88.6,1067,300,8,1,1,0,0,1,0,0,0,0,0,0,0,0,3,1,1,1,0,0,NA,0,0,0,2,5,2,0
2024,Manchester City,Premier League,Rodri,51,17,2343,2545,92.1,40188,11022,268,46,119,6,95,5,6,5,17,12,2,1,1,1,30,15,26,10,24,45,53.3,20,6,14,20,71,33,3
2024,Manchester City,Premier League,Bernardo Silva,28,12,1198,1399,85.6,18685,3880,72,41,105,3,95,1,3,0,6,5,1,0,0,0,18,10,20,6,18,39,46.2,18,3,15,10,46,10,1
2024,Manchester City,Premier League,John Stones,3,1,604,647,93.4,9593,2245,43,1,20,0,18,0,2,0,0,0,0,0,0,0,1,1,0,1,0,3,0,9,5,4,8,10,17,0
2024,Manchester City,Premier League,Kyle Walker,16,3,1711,1947,87.9,29454,6560,165,29,58,0,54,1,2,0,8,7,0,1,0,0,15,13,10,2,13,27,48.1,13,4,9,19,44,33,1
2024,Manchester Utd,Premier League,Sofyan Amrabat,2,0,383,446,85.9,7225,1907,45,4,8,0,8,0,0,0,0,0,0,0,0,0,14,13,7,2,15,24,62.5,12,3,9,5,27,12,2
2024,Manchester Utd,Premier League,Antony,26,5,324,424,76.4,4306,1148,21,19,36,1,31,0,3,1,1,0,0,0,0,1,14,10,12,6,16,30,53.3,20,1,19,8,36,5,0
2024,Manchester Utd,Premier League,Donny van de Beek,1,0,1,1,100,7,0,0,0,1,0,1,0,0,0,0,0,0,0,0,0,0,0,0,0,0,0,NA,1,0,1,0,0,0,0
2024,Manchester Utd,Premier League,Casemiro,24,5,581,698,83.2,9673,3555,66,11,21,0,17,1,1,0,1,1,0,0,0,0,28,21,20,6,28,60,46.7,40,13,27,10,57,36,0
2024,Manchester Utd,Premier League,Diogo Dalot,20,3,1021,1277,80,17765,5546,74,23,55,2,47,2,1,1,5,4,0,1,0,0,34,40,8,6,35,47,74.5,34,12,22,27,81,79,0
2024,Manchester Utd,Premier League,Amad Diallo,1,1,31,35,88.6,359,38,2,0,4,0,4,0,0,0,0,0,0,0,0,0,1,0,2,1,1,1,100,0,0,0,0,3,0,0
2024,Manchester Utd,Premier League,Christian Eriksen,9,4,489,614,79.6,8076,1996,52,15,32,0,25,0,0,2,2,1,0,0,0,1,12,4,7,3,8,27,29.6,14,5,9,3,17,10,0
2024,Manchester Utd,Premier League,Jonny Evans,1,0,500,580,86.2,8382,2834,25,3,8,0,8,0,0,0,1,1,0,0,0,0,7,10,2,0,9,16,56.3,15,10,5,15,27,61,0
2024,Manchester Utd,Premier League,Bruno Fernandes,64,22,1144,1592,71.9,20335,7209,132,63,155,7,106,8,1,2,16,10,2,1,0,0,33,22,20,14,26,76,34.2,34,4,30,20,76,35,1
2024,Manchester Utd,Premier League,Omari Forson,1,0,23,26,88.5,277,64,2,1,0,0,0,0,0,0,0,0,0,0,0,0,0,0,2,0,1,1,100,0,0,0,0,2,0,0
2024,Manchester Utd,Premier League,Alejandro Garnacho,63,16,434,585,74.2,6074,939,20,15,74,7,53,7,6,1,8,6,0,1,0,1,11,5,4,7,8,35,22.9,19,1,18,13,29,18,0
2024,Manchester Utd,Premier League,Daniel Gore,0,0,0,0,NA,0,0,0,0,0,0,0,0,0,0,0,0,0,0,0,0,1,0,1,0,1,1,100,0,0,0,1,2,0,0
2024,Manchester Utd,Premier League,Rasmus Højlund,29,15,208,275,75.6,2415,666,10,9,41,4,29,3,3,2,3,2,1,0,0,0,5,2,2,5,4,11,36.4,3,0,3,1,10,11,0
2024,Manchester Utd,Premier League,Willy Kambwala,0,0,83,94,88.3,1490,458,3,0,0,0,0,0,0,0,0,0,0,0,0,0,0,0,1,0,1,2,50,1,1,0,0,1,4,0
2024,Manchester Utd,Premier League,Victor Lindelöf,4,2,750,845,88.8,12084,3272,56,3,18,0,18,0,0,0,3,3,0,0,0,0,7,5,7,0,4,11,36.4,14,8,6,11,23,32,1
2024,Manchester Utd,Premier League,Harry Maguire,13,2,642,769,83.5,12542,4505,64,4,19,0,16,1,0,2,3,2,0,1,0,0,11,9,7,0,8,16,50,26,18,8,19,35,52,1
2024,Manchester Utd,Premier League,Kobbie Mainoo,5,2,389,458,84.9,5806,1378,20,2,19,3,14,2,0,0,4,1,2,1,0,0,14,8,11,4,8,20,40,13,8,5,12,35,24,1
2024,Manchester Utd,Premier League,Anthony Martial,6,4,109,139,78.4,1267,263,6,2,11,0,9,1,1,0,1,0,0,0,1,0,1,1,1,2,1,1,100,4,0,4,0,4,3,0
2024,Manchester Utd,Premier League,Lisandro Martínez,0,0,366,395,92.7,6231,1935,28,1,7,0,6,0,0,1,1,1,0,0,0,0,7,8,3,0,5,12,41.7,9,7,2,4,15,21,0
2024,Manchester Utd,Premier League,Scott McTominay,35,17,385,473,81.4,5882,1475,46,9,18,1,12,4,0,1,2,1,0,0,0,1,19,18,19,2,16,26,61.5,25,9,16,11,50,38,0
2024,Manchester Utd,Premier League,Hannibal Mejbri,1,1,31,38,81.6,442,143,6,1,6,0,5,0,1,0,0,0,0,0,0,0,3,1,2,0,1,3,33.3,1,1,0,0,3,0,0
2024,Manchester Utd,Premier League,Mason Mount,3,0,130,163,79.8,1771,570,13,5,17,2,10,0,1,2,0,0,0,0,0,0,10,4,7,5,3,12,25,5,1,4,3,19,1,0
2024,Manchester Utd,Premier League,André Onana,0,0,788,1059,74.4,19216,12918,26,2,4,0,4,0,0,0,1,1,0,0,0,0,0,1,0,0,1,1,100,0,0,0,0,1,8,1
2024,Manchester Utd,Premier League,Facundo Pellistri,4,2,60,79,75.9,675,146,4,2,3,0,2,0,1,0,1,1,0,0,0,0,3,4,1,0,1,3,33.3,7,1,6,1,6,5,0
2024,Manchester Utd,Premier League,Marcus Rashford,56,18,436,593,73.5,6027,1576,26,26,72,14,45,6,6,0,8,6,1,0,1,0,6,6,2,5,5,21,23.8,12,1,11,4,17,14,0
2024,Manchester Utd,Premier League,Sergio Reguilón,4,0,244,314,77.7,3669,1356,20,4,15,0,13,1,0,0,1,1,0,0,0,0,8,6,2,5,8,17,47.1,10,0,10,5,18,7,0
2024,Manchester Utd,Premier League,Jadon Sancho,0,0,34,43,79.1,446,116,2,2,4,0,1,0,1,1,1,0,0,0,0,0,0,1,0,0,1,3,33.3,1,0,1,1,2,0,0
2024,Manchester Utd,Premier League,Luke Shaw,2,0,531,648,81.9,8242,3114,33,7,23,1,13,0,0,0,0,0,0,0,0,0,8,7,3,1,9,15,60,18,11,7,6,17,39,0
2024,Manchester Utd,Premier League,Raphaël Varane,8,2,578,649,89.1,10074,3078,55,3,11,0,9,2,0,0,1,1,0,0,0,0,9,7,7,1,7,11,63.6,15,12,3,13,28,81,0
2024,Manchester Utd,Premier League,Aaron Wan-Bissaka,2,1,437,528,82.8,5896,1873,26,4,10,0,9,0,0,0,1,1,0,0,0,0,19,12,11,2,16,22,72.7,14,8,6,20,45,38,1
2024,Newcastle Utd,Premier League,Miguel Almirón,39,10,606,731,82.9,8196,1707,37,20,48,3,37,6,1,0,4,2,0,1,0,0,22,11,15,7,11,27,40.7,27,2,25,8,41,11,0
2024,Newcastle Utd,Premier League,Elliot Anderson,7,2,148,178,83.1,2060,428,12,8,14,1,13,0,0,0,1,1,0,0,0,0,6,3,4,1,3,9,33.3,6,3,3,2,10,6,0
2024,Newcastle Utd,Premier League,Harvey Barnes,12,4,100,131,76.3,1376,331,5,6,9,2,5,1,1,0,2,1,1,0,0,0,1,1,2,0,0,1,0,0,0,0,2,5,1,0
2024,Newcastle Utd,Premier League,Sven Botman,9,2,854,942,90.7,15704,6249,37,1,12,0,10,2,0,0,3,3,0,0,0,0,13,13,6,0,8,12,66.7,18,16,2,7,26,55,3
2024,Newcastle Utd,Premier League,Dan Burn,15,5,901,1118,80.6,14083,5472,51,7,20,1,16,2,0,0,3,2,0,1,0,0,22,26,17,1,18,47,38.3,32,11,21,26,70,80,1
2024,Newcastle Utd,Premier League,Amadou Diallo,0,0,1,1,100,10,0,0,0,0,0,0,0,0,0,0,0,0,0,0,0,0,0,0,0,0,0,NA,0,0,0,0,0,0,0
2024,Newcastle Utd,Premier League,Martin Dúbravka,0,0,287,365,78.6,6807,3831,1,0,0,0,0,0,0,0,0,0,0,0,0,0,0,0,0,0,0,2,0,0,0,0,0,0,4,1
2024,Newcastle Utd,Premier League,Paul Dummett,0,0,8,8,100,124,43,2,0,0,0,0,0,0,0,0,0,0,0,0,0,0,1,0,0,1,1,100,0,0,0,0,1,0,0
2024,Newcastle Utd,Premier League,Anthony Gordon,56,22,562,714,78.7,8088,1954,30,30,86,6,62,8,8,2,15,7,3,3,2,0,24,12,21,8,17,52,32.7,24,0,24,5,46,4,0
2024,Newcastle Utd,Premier League,Bruno Guimarães,31,9,1363,1607,84.8,23575,6064,123,43,80,9,59,2,4,3,12,7,3,1,1,0,31,30,17,7,20,46,43.5,37,9,28,24,78,16,0
2024,Newcastle Utd,Premier League,Lewis Hall,1,1,65,83,78.3,1080,310,6,0,2,1,1,0,0,0,0,0,0,0,0,0,7,7,3,0,4,7,57.1,2,0,2,2,12,0,0
2024,Newcastle Utd,Premier League,Alexander Isak,39,21,216,279,77.4,3127,611,15,12,35,8,20,5,2,0,2,0,1,0,1,0,0,2,1,0,1,5,20,7,0,7,3,6,6,0
2024,Newcastle Utd,Premier League,Joelinton,15,5,440,528,83.3,6118,1514,32,8,39,6,30,3,0,0,3,2,0,1,0,0,22,16,12,2,10,30,33.3,19,5,14,17,47,11,1
2024,Newcastle Utd,Premier League,Loris Karius,0,0,21,37,56.8,507,279,0,0,0,0,0,0,0,0,0,0,0,0,0,0,0,0,0,0,0,0,NA,0,0,0,0,0,1,0
2024,Newcastle Utd,Premier League,Emil Krafth,1,0,82,93,88.2,1234,515,6,6,7,0,6,0,1,0,0,0,0,0,0,0,2,1,1,1,3,3,100,0,0,0,0,3,1,0
2024,Newcastle Utd,Premier League,Jamaal Lascelles,6,1,668,771,86.6,11597,3694,38,1,8,0,7,0,1,0,0,0,0,0,0,0,9,7,7,0,6,10,60,17,12,5,4,18,42,0
2024,Newcastle Utd,Premier League,Valentino Livramento,2,1,415,477,87,5998,1630,27,13,22,2,18,0,1,1,3,2,1,0,0,0,8,11,4,1,7,16,43.8,10,5,5,16,32,30,0
2024,Newcastle Utd,Premier League,Sean Longstaff,24,10,673,838,80.3,10495,3444,54,18,31,1,24,2,3,0,6,2,1,1,1,0,19,11,19,5,17,46,37,26,5,21,10,45,16,0
2024,Newcastle Utd,Premier League,Lewis Miley,13,3,425,515,82.5,6305,1538,26,12,31,2,24,3,0,2,5,4,0,0,0,1,21,6,20,7,15,32,46.9,20,3,17,8,41,18,2
2024,Newcastle Utd,Premier League,Alex Murphy,0,0,4,4,100,81,8,1,0,0,0,0,0,0,0,0,0,0,0,0,0,0,0,0,0,0,1,0,0,0,0,1,1,0,0
2024,Newcastle Utd,Premier League,Jacob Murphy,14,4,95,146,65.1,1508,548,14,7,15,2,9,3,1,0,4,3,1,0,0,0,5,4,1,2,4,7,57.1,9,0,9,0,7,7,0
2024,Newcastle Utd,Premier League,Michael Ndiweni,0,0,1,2,50,16,15,0,0,0,0,0,0,0,0,0,0,0,0,0,0,0,0,0,0,0,0,NA,0,0,0,0,0,0,0
2024,Newcastle Utd,Premier League,Ben Parkinson,0,0,1,3,33.3,15,0,0,0,0,0,0,0,0,0,0,0,0,0,0,0,0,0,0,0,0,0,NA,1,0,1,0,0,1,0
2024,Newcastle Utd,Premier League,Nick Pope,1,0,289,367,78.7,7287,4347,5,0,1,0,1,0,0,0,0,0,0,0,0,0,0,0,0,0,0,1,0,0,0,0,0,0,7,2
2024,Newcastle Utd,Premier League,Matt Ritchie,5,3,50,65,76.9,664,176,4,2,2,0,2,0,0,0,1,1,0,0,0,0,2,1,2,0,2,3,66.7,0,0,0,1,4,5,0
2024,Newcastle Utd,Premier League,Fabian Schär,29,8,1443,1727,83.6,29364,12008,115,14,40,2,28,3,5,1,11,7,0,0,3,1,20,21,7,1,13,29,44.8,40,31,9,25,54,101,0
2024,Newcastle Utd,Premier League,Matt Targett,0,0,36,41,87.8,657,188,2,0,4,0,4,0,0,0,0,0,0,0,0,0,0,1,1,0,1,1,100,1,0,1,0,2,2,0
2024,Newcastle Utd,Premier League,Sandro Tonali,3,2,241,280,86.1,3776,870,16,4,12,0,10,0,1,0,3,2,0,0,1,0,7,4,2,1,3,9,33.3,3,0,3,2,9,4,0
2024,Newcastle Utd,Premier League,Kieran Trippier,8,2,1579,2068,76.4,28789,10729,110,52,99,1,67,0,2,2,11,7,0,0,0,1,27,30,16,11,37,76,48.7,38,8,30,23,80,55,3
2024,Newcastle Utd,Premier League,Joe White,0,0,4,4,100,54,3,1,0,0,0,0,0,0,0,0,0,0,0,0,0,0,0,0,0,0,0,NA,0,0,0,0,0,0,0
2024,Newcastle Utd,Premier League,Joe Willock,3,2,75,91,82.4,1297,403,9,3,8,0,7,1,0,0,1,1,0,0,0,0,3,4,3,0,4,9,44.4,5,0,5,1,8,1,0
2024,Newcastle Utd,Premier League,Callum Wilson,29,15,91,139,65.5,1087,139,3,0,18,4,8,5,1,0,4,2,1,1,0,0,3,0,2,2,0,4,0,5,0,5,1,5,2,0
2024,Nott'ham Forest,Premier League,Brandon Aguilera,0,0,4,8,50,48,23,1,0,0,0,0,0,0,0,0,0,0,0,0,0,0,0,0,0,0,0,NA,0,0,0,0,0,0,0
2024,Nott'ham Forest,Premier League,Ola Aina,6,1,290,392,74,4606,1841,22,3,17,1,12,0,1,1,1,1,0,0,0,0,15,21,4,1,17,23,73.9,10,3,7,8,34,38,1
2024,Nott'ham Forest,Premier League,Serge Aurier,6,1,348,448,77.7,5238,2147,31,9,15,1,12,0,1,0,2,2,0,0,0,0,14,9,11,0,5,11,45.5,10,3,7,9,29,36,1
2024,Nott'ham Forest,Premier League,Taiwo Awoniyi,22,11,119,167,71.3,1519,307,6,3,28,2,21,0,3,2,6,5,1,0,0,0,7,1,4,4,1,2,50,6,1,5,1,10,9,0
2024,Nott'ham Forest,Premier League,Willy Boly,11,5,390,520,75,6906,2935,24,7,9,0,7,2,0,0,0,0,0,0,0,0,18,26,4,0,13,23,56.5,19,14,5,20,50,68,0
2024,Nott'ham Forest,Premier League,Danilo,14,4,364,456,79.8,6660,1728,51,9,21,1,17,1,1,0,2,2,0,0,0,0,9,11,8,1,13,30,43.3,19,5,14,17,37,25,0
2024,Nott'ham Forest,Premier League,Nicolás Domínguez,19,5,555,661,84,8556,2519,46,15,31,0,29,2,0,0,2,2,0,0,0,0,31,33,25,1,22,42,52.4,24,4,20,13,72,22,0
2024,Nott'ham Forest,Premier League,Anthony Elanga,45,20,333,501,66.5,4424,1036,16,18,46,4,33,6,2,1,9,8,0,0,0,1,17,16,6,6,14,28,50,20,2,18,7,35,15,1
2024,Nott'ham Forest,Premier League,Felipe,2,0,129,151,85.4,2516,974,6,0,4,0,2,1,0,1,0,0,0,0,0,0,6,6,3,0,7,9,77.8,2,1,1,1,10,6,0
2024,Nott'ham Forest,Premier League,Morgan Gibbs-White,46,8,655,973,67.3,11234,3818,64,25,94,6,50,5,5,1,10,7,0,1,0,0,19,5,14,9,12,25,48,19,4,15,11,39,17,0
2024,Nott'ham Forest,Premier League,Callum Hudson-Odoi,15,8,314,407,77.1,4967,1018,12,18,49,7,38,1,1,0,6,4,1,0,1,0,4,2,3,5,4,16,25,9,1,8,4,14,9,0
2024,Nott'ham Forest,Premier League,Brennan Johnson,3,0,47,61,77,671,143,2,0,7,2,3,1,1,0,3,1,1,0,1,0,1,1,1,2,2,4,50,4,1,3,0,4,0,0
2024,Nott'ham Forest,Premier League,Cheikhou Kouyaté,4,1,44,69,63.8,548,149,3,0,8,0,5,2,0,1,1,1,0,0,0,0,5,3,3,2,1,4,25,4,1,3,2,10,10,0
2024,Nott'ham Forest,Premier League,Orel Mangala,10,1,570,646,88.2,9021,2312,39,1,20,0,17,0,1,2,2,1,0,0,0,1,13,16,10,1,14,29,48.3,12,6,6,26,53,32,0
2024,Nott'ham Forest,Premier League,Scott McKenna,2,0,137,186,73.7,2769,1280,10,3,2,0,2,0,0,0,0,0,0,0,0,0,0,3,1,0,2,3,66.7,6,4,2,5,9,27,0
2024,Nott'ham Forest,Premier League,Gonzalo Montiel,2,0,202,265,76.2,3232,1348,19,6,9,0,8,1,0,0,2,2,0,0,0,0,11,8,5,1,10,18,55.6,5,2,3,6,20,28,1
2024,Nott'ham Forest,Premier League,Murillo,9,3,718,940,76.4,14953,6609,67,10,18,4,11,3,0,0,1,1,0,0,0,0,20,23,8,1,13,24,54.2,32,18,14,23,55,126,0
2024,Nott'ham Forest,Premier League,Moussa Niakhate,5,1,473,604,78.3,8854,3164,25,5,9,0,6,0,0,0,0,0,0,0,0,0,21,26,7,0,14,18,77.8,16,10,6,9,42,42,0
2024,Nott'ham Forest,Premier League,Andrew Omobamidele,0,0,126,149,84.6,2422,645,4,0,2,0,2,0,0,0,0,0,0,0,0,0,3,7,1,0,4,7,57.1,6,5,1,8,16,29,1
2024,Nott'ham Forest,Premier League,Divock Origi,5,1,42,66,63.6,614,218,3,4,10,1,7,1,0,0,2,2,0,0,0,0,2,3,0,1,0,0,NA,4,0,4,1,5,1,0
2024,Nott'ham Forest,Premier League,Gio Reyna,1,0,36,42,85.7,518,55,2,0,0,0,0,0,0,0,0,0,0,0,0,0,1,1,0,0,0,0,NA,0,0,0,1,2,0,0
2024,Nott'ham Forest,Premier League,Rodrigo Ribeiro,0,0,2,2,100,29,0,0,0,0,0,0,0,0,0,0,0,0,0,0,0,0,0,0,0,0,0,NA,0,0,0,1,1,0,0
2024,Nott'ham Forest,Premier League,Ibrahim Sangaré,6,0,271,336,80.7,4248,1355,27,5,16,0,13,1,1,1,2,2,0,0,0,0,16,17,11,4,9,21,42.9,20,6,14,10,42,19,0
2024,Nott'ham Forest,Premier League,Andrey Santos,2,0,6,6,100,90,31,1,0,2,0,2,0,0,0,0,0,0,0,0,0,0,0,0,0,0,0,NA,1,0,1,0,0,0,0
2024,Nott'ham Forest,Premier League,Matz Sels,0,0,71,116,61.2,1800,1225,2,1,0,0,0,0,0,0,0,0,0,0,0,0,0,0,0,0,0,0,NA,0,0,0,0,0,3,0
2024,Nott'ham Forest,Premier League,Nuno Tavares,7,1,197,267,73.8,2877,1074,14,2,9,1,8,0,0,0,0,0,0,0,0,0,7,8,1,1,7,8,87.5,6,0,6,1,11,19,0
2024,Nott'ham Forest,Premier League,Harry Toffolo,8,5,335,473,70.8,5622,2417,34,10,25,0,16,2,0,0,4,4,0,0,0,0,9,16,4,0,11,18,61.1,28,11,17,11,31,37,0
2024,Nott'ham Forest,Premier League,Matt Turner,0,0,398,578,68.9,12363,9869,10,0,4,0,4,0,0,0,0,0,0,0,0,0,0,0,0,0,0,0,NA,0,0,0,0,0,8,4
2024,Nott'ham Forest,Premier League,Odisseas Vlachodimos,0,0,141,176,80.1,3965,2847,0,0,1,0,1,0,0,0,0,0,0,0,0,0,0,0,0,0,0,1,0,0,0,0,0,0,1,0
2024,Nott'ham Forest,Premier League,Neco Williams,6,1,257,420,61.2,4062,1600,22,10,17,1,13,2,0,1,2,1,1,0,0,0,27,35,11,5,29,45,64.4,29,9,20,16,67,30,0
2024,Nott'ham Forest,Premier League,Chris Wood,22,12,140,225,62.2,1721,387,10,2,22,4,16,2,0,0,4,1,3,0,0,0,2,0,1,1,1,4,25,7,2,5,1,3,19,0
2024,Nott'ham Forest,Premier League,Joe Worrall,2,0,138,164,84.1,2910,1068,5,0,3,0,2,1,0,0,1,1,0,0,0,0,5,6,1,0,3,6,50,5,4,1,3,10,32,1
2024,Nott'ham Forest,Premier League,Ryan Yates,17,4,390,511,76.3,6107,1548,39,4,15,0,13,2,0,0,1,1,0,0,0,0,26,26,14,4,10,20,50,32,13,19,14,58,28,0
2024,Sheffield Utd,Premier League,Bénie Adama Traore,1,1,55,71,77.5,775,185,2,7,6,0,6,0,0,0,1,1,0,0,0,0,2,1,2,1,0,4,0,4,1,3,1,5,1,0
2024,Sheffield Utd,Premier League,Anel Ahmedhodžić,15,3,536,709,75.6,8788,3329,28,1,19,0,16,3,0,0,1,0,0,1,0,0,29,35,10,2,22,36,61.1,31,18,13,22,69,93,1
2024,Sheffield Utd,Premier League,Oliver Arblaster,0,0,8,8,100,128,13,1,0,1,0,1,0,0,0,0,0,0,0,0,0,0,0,0,0,0,0,NA,0,0,0,1,1,0,0
2024,Sheffield Utd,Premier League,Cameron Archer,29,7,218,271,80.4,2637,387,8,6,36,7,23,4,1,1,2,0,1,1,0,0,9,6,5,3,6,15,40,17,3,14,1,15,10,0
2024,Sheffield Utd,Premier League,George Baldock,1,0,278,378,73.5,4426,1708,17,11,16,2,10,0,1,0,2,1,0,0,1,0,9,9,7,1,6,14,42.9,12,8,4,9,26,28,0
2024,Sheffield Utd,Premier League,Chris Basham,2,0,103,138,74.6,1506,484,7,2,3,0,1,1,1,0,0,0,0,0,0,0,2,4,3,0,2,9,22.2,9,4,5,5,12,17,0
2024,Sheffield Utd,Premier League,Anis Ben Slimane,6,3,74,116,63.8,1075,317,5,2,8,1,6,0,0,1,0,0,0,0,0,0,5,3,1,4,3,8,37.5,5,1,4,4,12,6,0
2024,Sheffield Utd,Premier League,Jayden Bogle,17,4,453,662,68.4,6737,2399,26,14,20,0,18,0,2,0,0,0,0,0,0,0,27,33,12,2,24,52,46.2,32,10,22,27,74,73,0
2024,Sheffield Utd,Premier League,Ben Brereton,6,4,28,39,71.8,397,131,3,3,5,1,4,0,0,0,2,1,1,0,0,0,1,0,1,0,0,1,0,0,0,0,0,1,2,0
2024,Sheffield Utd,Premier League,Rhian Brewster,6,3,43,63,68.3,555,144,6,1,6,0,5,1,0,0,0,0,0,0,0,0,1,1,2,2,0,2,0,2,0,2,0,5,2,0
2024,Sheffield Utd,Premier League,Andre Brooks,5,1,119,163,73,1772,400,8,4,5,2,2,1,0,0,0,0,0,0,0,0,7,2,7,1,5,14,35.7,11,1,10,9,19,14,0
2024,Sheffield Utd,Premier League,Tom Davies,3,0,56,80,70,767,253,5,1,4,0,3,0,0,1,1,0,0,0,0,1,4,3,2,3,2,8,25,2,1,1,3,11,5,1
2024,Sheffield Utd,Premier League,John Egan,3,1,128,185,69.2,2449,988,5,1,1,0,0,1,0,0,0,0,0,0,0,0,4,4,2,0,4,11,36.4,10,4,6,13,19,39,1
2024,Sheffield Utd,Premier League,John Fleck,0,0,29,40,72.5,408,88,1,1,4,0,4,0,0,0,0,0,0,0,0,0,0,0,1,0,0,1,0,0,0,0,0,1,1,0
2024,Sheffield Utd,Premier League,Wes Foderingham,0,0,485,873,55.6,16052,12848,17,2,2,0,2,0,0,0,0,0,0,0,0,0,1,3,0,0,3,4,75,0,0,0,0,3,12,6
2024,Sheffield Utd,Premier League,Ivo Grbić,0,0,53,87,60.9,1743,1330,0,0,1,0,1,0,0,0,0,0,0,0,0,0,0,0,0,0,0,0,NA,0,0,0,0,0,0,0
2024,Sheffield Utd,Premier League,Antwoine Hackford,0,0,2,2,100,14,0,0,0,0,0,0,0,0,0,0,0,0,0,0,0,0,0,0,0,0,0,NA,0,0,0,0,0,0,0
2024,Sheffield Utd,Premier League,Gustavo Hamer,29,6,533,769,69.3,8804,3272,59,19,69,5,44,5,1,0,6,5,1,0,0,0,19,17,11,5,11,46,23.9,22,3,19,18,51,29,0
2024,Sheffield Utd,Premier League,Mason Holgate,2,0,40,68,58.8,802,367,9,0,0,0,0,0,0,0,0,0,0,0,0,0,0,1,1,1,0,2,0,5,2,3,5,8,8,0
2024,Sheffield Utd,Premier League,Yasser Larouci,5,1,104,143,72.7,1578,597,10,0,7,1,4,1,0,0,0,0,0,0,0,0,7,8,5,2,8,11,72.7,5,1,4,7,22,18,1
2024,Sheffield Utd,Premier League,Max Lowe,2,0,62,96,64.6,945,389,6,2,4,0,3,1,0,0,1,1,0,0,0,0,10,12,5,3,8,15,53.3,7,3,4,5,25,13,0
2024,Sheffield Utd,Premier League,James Mcatee,21,6,292,430,67.9,4192,1112,26,23,46,4,36,2,2,0,1,1,0,0,0,0,18,7,12,9,12,27,44.4,18,0,18,9,37,12,0
2024,Sheffield Utd,Premier League,Oliver McBurnie,19,9,163,268,60.8,1957,487,22,3,18,0,13,2,3,0,4,3,0,0,1,0,2,1,4,5,1,5,20,14,2,12,3,13,17,0
2024,Sheffield Utd,Premier League,Rhys Norrington-Davies,0,0,48,67,71.6,811,222,1,0,1,0,1,0,0,0,0,0,0,0,0,0,1,1,0,0,0,1,0,2,0,2,1,2,2,0
2024,Sheffield Utd,Premier League,Oliver Norwood,14,5,603,868,69.5,11668,4485,63,11,30,0,17,1,0,0,1,1,0,0,0,0,25,18,18,4,20,44,45.5,23,8,15,20,60,38,0
2024,Sheffield Utd,Premier League,Ryan One,0,0,1,1,100,7,0,0,0,0,0,0,0,0,0,0,0,0,0,0,0,0,0,0,0,0,0,NA,0,0,0,0,0,0,0
2024,Sheffield Utd,Premier League,Ben Osborn,2,0,189,254,74.4,3002,1109,14,6,10,0,10,0,0,0,1,1,0,0,0,0,3,3,4,2,4,7,57.1,9,0,9,2,11,14,0
2024,Sheffield Utd,Premier League,William Osula,20,7,40,81,49.4,472,83,3,2,11,0,3,5,3,0,1,0,0,1,0,0,2,1,0,1,1,2,50,3,1,2,2,4,7,0
2024,Sheffield Utd,Premier League,Sydie Peck,0,0,1,1,100,10,0,0,0,0,0,0,0,0,0,0,0,0,0,0,0,0,0,0,0,0,0,NA,0,0,0,0,0,0,0
2024,Sheffield Utd,Premier League,Jack Robinson,8,2,694,950,73.1,13451,5760,43,4,15,0,8,2,0,1,1,0,0,0,0,0,22,24,9,0,21,31,67.7,39,26,13,26,59,111,2
2024,Sheffield Utd,Premier League,Vinicius Souza,10,4,635,798,79.6,10321,2658,53,4,19,0,16,1,0,2,3,2,0,1,0,0,61,50,39,13,32,57,56.1,41,12,29,28,130,58,1
2024,Sheffield Utd,Premier League,Luke Thomas,6,1,234,319,73.4,3866,1408,23,5,10,0,8,1,1,0,0,0,0,0,0,0,9,13,6,1,8,14,57.1,23,5,18,10,30,27,0
2024,Sheffield Utd,Premier League,Auston Trusty,5,1,434,592,73.3,7570,2832,15,2,8,1,6,0,0,0,0,0,0,0,0,0,23,23,10,3,14,31,45.2,22,14,8,18,54,105,3
2024,Tottenham,Premier League,Rodrigo Bentancur,8,1,292,357,81.8,4585,1191,33,3,10,1,7,0,0,2,1,0,0,0,0,1,6,7,2,2,5,12,41.7,7,2,5,5,16,11,0
2024,Tottenham,Premier League,Yves Bissouma,18,4,1154,1260,91.6,17015,4733,96,9,32,3,24,0,0,4,2,2,0,0,0,0,36,23,26,8,31,44,70.5,22,4,18,27,84,31,2
2024,Tottenham,Premier League,Ben Davies,12,2,730,804,90.8,13349,5172,79,4,13,0,13,0,0,0,1,1,0,0,0,0,17,13,6,2,15,18,83.3,16,14,2,10,31,33,0
2024,Tottenham,Premier League,Eric Dier,0,0,125,141,88.7,2070,1037,3,0,2,0,2,0,0,0,0,0,0,0,0,0,1,2,0,0,2,2,100,3,3,0,2,4,12,0
2024,Tottenham,Premier League,Jamie Donley,0,0,1,1,100,14,0,0,0,0,0,0,0,0,0,0,0,0,0,0,0,0,0,0,0,0,0,NA,0,0,0,0,0,3,0
2024,Tottenham,Premier League,Radu Drăgușin,0,0,11,13,84.6,180,69,1,0,0,0,0,0,0,0,0,0,0,0,0,0,0,0,0,0,0,0,NA,0,0,0,2,2,2,0
2024,Tottenham,Premier League,Emerson,5,3,798,880,90.7,11623,3365,37,6,17,0,11,1,2,1,3,1,0,0,0,0,21,19,9,3,19,35,54.3,17,8,9,18,49,45,1
2024,Tottenham,Premier League,Bryan Gil,3,1,113,140,80.7,1619,284,5,6,7,0,6,1,0,0,1,1,0,0,0,0,0,0,0,1,1,3,33.3,3,0,3,3,4,4,0
2024,Tottenham,Premier League,Son Heung-min,56,26,524,649,80.7,7326,1903,28,41,81,8,65,5,2,1,11,7,3,0,1,0,8,5,4,5,6,15,40,3,1,2,7,21,4,0
2024,Tottenham,Premier League,Pierre Højbjerg,12,3,861,987,87.2,14054,5068,112,8,22,1,20,1,0,0,2,2,0,0,0,0,13,8,13,2,10,27,37,18,7,11,13,36,26,1
2024,Tottenham,Premier League,Brennan Johnson,29,13,248,356,69.7,3685,872,18,18,38,2,28,4,3,1,8,6,0,1,0,1,9,10,3,3,8,20,40,17,0,17,6,22,11,1
2024,Tottenham,Premier League,Dejan Kulusevski,41,17,706,912,77.4,10065,2728,38,60,100,8,81,9,0,1,5,4,1,0,0,0,23,15,13,15,15,44,34.1,15,1,14,9,52,2,1
2024,Tottenham,Premier League,Giovani Lo Celso,8,4,335,372,90.1,4890,1422,32,10,16,0,13,1,0,0,3,3,0,0,0,0,8,6,7,3,7,10,70,3,1,2,4,20,2,0
2024,Tottenham,Premier League,James Maddison,37,18,696,887,78.5,11376,3802,85,42,109,7,70,6,8,3,15,9,2,1,1,1,12,3,12,9,12,20,60,10,1,9,8,32,4,1
2024,Tottenham,Premier League,Pape Matar Sarr,29,12,793,906,87.5,11748,2963,88,11,40,0,31,3,2,4,6,5,0,1,0,0,17,8,12,4,11,24,45.8,14,4,10,15,39,18,0
2024,Tottenham,Premier League,Ivan Perišić,2,0,53,76,69.7,828,363,4,6,8,1,6,0,0,0,2,1,0,0,0,0,2,1,1,1,3,5,60,1,0,1,2,5,1,0
2024,Tottenham,Premier League,Pedro Porro,37,6,1179,1553,75.9,18072,6898,79,31,76,2,41,5,4,0,10,7,0,0,0,0,46,34,20,13,44,88,50,49,13,36,23,90,75,2
2024,Tottenham,Premier League,Richarlison,56,22,240,356,67.4,3447,857,16,12,30,3,21,4,1,1,4,4,0,0,0,0,11,4,8,4,2,9,22.2,31,6,25,8,24,21,0
2024,Tottenham,Premier League,Cristian Romero,13,5,1503,1634,92,26074,10301,117,8,23,0,19,1,0,1,1,1,0,0,0,0,26,28,13,1,22,28,78.6,26,10,16,28,70,70,1
2024,Tottenham,Premier League,Davinson Sánchez,1,0,68,75,90.7,1045,377,13,0,1,0,0,1,0,0,0,0,0,0,0,0,0,0,0,0,0,0,NA,3,2,1,1,1,2,0
2024,Tottenham,Premier League,Dane Scarlett,0,0,0,1,0,0,0,0,0,0,0,0,0,0,0,0,0,0,0,0,0,0,0,0,0,0,0,NA,0,0,0,0,0,0,0
2024,Tottenham,Premier League,Oliver Skipp,3,1,282,309,91.3,4092,1123,35,3,13,0,12,1,0,0,1,1,0,0,0,0,10,7,5,3,8,14,57.1,11,1,10,1,16,7,0
2024,Tottenham,Premier League,Manor Solomon,7,1,78,90,86.7,1105,196,3,7,19,1,16,1,1,0,2,2,0,0,0,0,3,1,1,1,1,2,50,4,0,4,3,6,2,0
2024,Tottenham,Premier League,Destiny Udogie,8,4,932,1102,84.6,12607,3786,86,11,47,3,42,2,0,0,7,6,0,1,0,0,29,38,14,9,24,41,58.5,22,6,16,28,89,67,4
2024,Tottenham,Premier League,Alejo Véliz,2,1,5,10,50,91,5,0,0,1,1,0,0,0,0,0,0,0,0,0,0,0,1,0,0,0,0,NA,0,0,0,0,1,0,0
2024,Tottenham,Premier League,Micky van de Ven,5,1,1108,1165,95.1,19503,6365,80,2,6,0,6,0,0,0,0,0,0,0,0,0,21,21,6,3,15,21,71.4,11,8,3,12,42,53,0
2024,Tottenham,Premier League,Guglielmo Vicario,0,0,907,1100,82.5,17925,10746,4,0,1,0,1,0,0,0,0,0,0,0,0,0,0,0,0,0,0,1,0,0,0,0,0,0,24,2
2024,Tottenham,Premier League,Timo Werner,16,4,156,195,80,2224,445,4,10,18,2,13,3,0,0,5,5,0,0,0,0,1,2,1,0,2,8,25,1,0,1,3,6,0,0
2024,West Ham,Premier League,Nayef Aguerd,14,3,830,1044,79.5,17721,7957,66,1,13,0,11,1,0,0,0,0,0,0,0,0,11,16,6,0,13,17,76.5,28,21,7,16,38,81,2
2024,West Ham,Premier League,Edson Álvarez,15,3,808,944,85.6,13280,3959,66,4,25,2,18,3,0,2,2,2,0,0,0,0,30,37,20,4,22,44,50,40,16,24,30,91,69,0
2024,West Ham,Premier League,Michail Antonio,10,4,97,170,57.1,1411,376,7,5,19,3,13,0,2,1,5,4,1,0,0,0,4,3,3,2,3,5,60,10,3,7,1,9,1,0
2024,West Ham,Premier League,Alphonse Areola,0,0,440,683,64.4,13881,10091,7,0,1,0,1,0,0,0,0,0,0,0,0,0,1,1,0,0,1,3,33.3,0,0,0,1,2,9,0
2024,West Ham,Premier League,Saïd Benrahma,18,5,193,257,75.1,2587,504,11,11,26,3,23,0,0,0,1,1,0,0,0,0,4,5,3,0,4,15,26.7,8,0,8,5,13,7,0
2024,West Ham,Premier League,Jarrod Bowen,63,30,378,536,70.5,5052,1324,22,9,61,5,42,5,3,2,10,8,0,1,0,1,18,12,8,10,10,26,38.5,29,5,24,16,46,12,0
2024,West Ham,Premier League,Maxwel Cornet,4,1,28,39,71.8,346,67,0,0,5,0,4,1,0,0,0,0,0,0,0,0,2,3,0,0,1,5,20,0,0,0,1,4,1,0
2024,West Ham,Premier League,Vladimír Coufal,2,0,826,1202,68.7,13343,6585,72,28,52,2,33,1,3,0,7,7,0,0,0,0,33,39,8,2,29,53,54.7,29,9,20,34,83,77,0
2024,West Ham,Premier League,Aaron Cresswell,0,0,81,95,85.3,1395,546,7,0,2,0,0,0,1,0,0,0,0,0,0,0,0,1,0,0,1,1,100,2,1,1,0,1,3,0
2024,West Ham,Premier League,Łukasz Fabiański,0,0,71,106,67,2146,1458,2,0,0,0,0,0,0,0,0,0,0,0,0,0,0,1,0,0,1,1,100,0,0,0,1,2,0,0
2024,West Ham,Premier League,Pablo Fornals,7,3,162,210,77.1,2602,713,19,6,16,0,13,0,1,2,1,0,0,0,0,1,6,4,3,3,5,16,31.3,8,1,7,6,16,7,0
2024,West Ham,Premier League,Danny Ings,7,2,42,66,63.6,466,91,0,2,13,3,5,3,1,1,3,0,1,1,1,0,2,0,5,0,3,9,33.3,4,1,3,1,6,5,0
2024,West Ham,Premier League,Ben Johnson,5,1,162,222,73,2453,1003,13,0,8,0,6,0,2,0,1,1,0,0,0,0,6,5,1,1,6,7,85.7,1,1,0,5,12,8,0
2024,West Ham,Premier League,Thilo Kehrer,0,0,9,9,100,86,36,0,0,0,0,0,0,0,0,0,0,0,0,0,0,1,0,1,0,0,0,NA,2,2,0,0,1,0,0
2024,West Ham,Premier League,Konstantinos Mavropanos,6,1,289,382,75.7,5765,2343,17,1,6,0,5,0,0,1,0,0,0,0,0,0,10,10,7,2,11,12,91.7,13,6,7,17,36,55,1
2024,West Ham,Premier League,Kudus Mohammed,39,12,418,544,76.8,7008,1045,19,20,57,9,34,7,7,0,10,5,1,3,1,0,33,16,20,8,17,26,65.4,20,0,20,5,49,6,1
2024,West Ham,Premier League,Divin Mubama,1,0,16,22,72.7,200,15,0,0,0,0,0,0,0,0,0,0,0,0,0,0,0,0,0,0,0,0,NA,0,0,0,0,0,0,0
2024,West Ham,Premier League,Angelo Ogbonna,0,0,78,89,87.6,1521,477,4,0,0,0,0,0,0,0,0,0,0,0,0,0,1,3,0,0,2,2,100,10,8,2,2,5,18,0
2024,West Ham,Premier League,Emerson Palmieri,15,3,1037,1274,81.4,14005,5579,65,18,52,3,37,2,5,2,7,4,1,0,1,0,52,33,33,12,42,59,71.2,32,7,25,31,109,72,0
2024,West Ham,Premier League,Lucas Paquetá,24,4,715,961,74.4,10997,3819,85,30,58,6,48,0,4,0,11,10,1,0,0,0,34,25,18,4,18,37,48.6,22,0,22,14,61,19,1
2024,West Ham,Premier League,Kalvin Phillips,3,2,101,126,80.2,1834,392,16,0,5,0,5,0,0,0,0,0,0,0,0,0,3,2,4,1,4,6,66.7,3,0,3,4,11,2,1
2024,West Ham,Premier League,Tomáš Souček,33,11,499,673,74.1,7534,2192,58,4,26,0,19,4,0,2,2,2,0,0,0,0,24,13,19,2,14,33,42.4,38,21,17,29,63,70,0
2024,West Ham,Premier League,James Ward-Prowse,29,11,1071,1295,82.7,17982,5431,108,15,88,1,39,4,0,2,13,5,0,2,0,0,23,12,17,5,12,29,41.4,23,7,16,29,63,41,0
2024,West Ham,Premier League,Kurt Zouma,14,6,704,851,82.7,13730,4945,39,1,11,0,9,1,1,0,2,2,0,0,0,0,9,8,5,0,4,7,57.1,29,20,9,20,33,115,0
2024,Wolves,Premier League,Rayan Aït Nouri,13,1,708,839,84.4,9801,2937,48,10,45,1,32,2,3,0,2,1,0,0,1,0,28,27,16,5,18,29,62.1,23,6,17,12,60,30,0
2024,Wolves,Premier League,Jean-Ricner Bellegarde,14,5,215,275,78.2,3090,749,17,6,28,5,19,1,1,0,2,1,1,0,0,0,9,7,6,2,6,13,46.2,17,2,15,7,22,13,0
2024,Wolves,Premier League,Daniel Bentley,0,0,67,98,68.4,1552,1081,0,0,0,0,0,0,0,0,0,0,0,0,0,0,0,0,0,0,0,0,NA,0,0,0,0,0,1,0
2024,Wolves,Premier League,Hugo Bueno,4,0,215,275,78.2,2905,704,10,4,15,1,12,1,1,0,2,2,0,0,0,0,11,9,6,2,8,13,61.5,9,1,8,4,21,15,0
2024,Wolves,Premier League,Santiago Bueno,0,0,75,89,84.3,1414,382,4,0,0,0,0,0,0,0,0,0,0,0,0,0,2,1,3,0,2,3,66.7,6,2,4,2,6,16,0
2024,Wolves,Premier League,Jonny Castro,0,0,0,0,NA,0,0,0,0,0,0,0,0,0,0,0,0,0,0,0,0,0,0,0,0,0,1,0,1,1,0,0,0,0,0
2024,Wolves,Premier League,Tawanda Chirewa,1,0,8,8,100,155,45,0,2,1,0,1,0,0,0,0,0,0,0,0,0,0,2,0,0,1,1,100,0,0,0,1,3,0,0
2024,Wolves,Premier League,Matheus Cunha,59,30,502,637,78.8,6696,1707,40,25,67,11,40,7,7,2,11,7,1,1,1,1,11,6,15,3,10,30,33.3,23,7,16,13,37,16,1
2024,Wolves,Premier League,Craig Dawson,16,5,1104,1277,86.5,23417,8062,52,2,12,0,8,3,0,1,1,0,0,1,0,0,20,23,6,1,22,34,64.7,51,39,12,16,46,120,1
2024,Wolves,Premier League,Matt Doherty,5,2,230,309,74.4,3363,899,11,5,7,0,7,0,0,0,0,0,0,0,0,0,7,6,5,2,5,11,45.5,7,2,5,4,17,23,0
2024,Wolves,Premier League,Tommy Doyle,6,2,496,589,84.2,9648,2720,58,4,14,0,10,0,0,0,4,3,0,0,0,0,8,9,5,3,10,13,76.9,14,6,8,8,25,12,0
2024,Wolves,Premier League,Nathan Fraser,1,1,18,23,78.3,213,23,0,1,4,0,4,0,0,0,0,0,0,0,0,0,0,0,1,0,0,2,0,2,1,1,0,1,1,0
2024,Wolves,Premier League,João Gomes,18,5,668,817,81.8,9809,2810,43,14,41,1,32,3,1,3,4,3,0,1,0,0,46,45,28,7,29,64,45.3,40,3,37,15,95,16,2
2024,Wolves,Premier League,Toti Gomes,7,2,1019,1265,80.6,15240,5760,61,6,16,1,12,2,0,0,2,2,0,0,0,0,22,24,7,3,18,24,75,24,13,11,18,52,53,1
2024,Wolves,Premier League,Hwang Hee-chan,35,12,349,451,77.4,4744,841,16,6,39,7,25,3,3,1,9,4,3,1,1,0,8,9,6,1,8,21,38.1,18,1,17,8,24,9,0
2024,Wolves,Premier League,Sasa Kalajdzic,4,2,38,60,63.3,507,130,1,2,5,0,5,0,0,0,0,0,0,0,0,0,2,3,2,1,1,2,50,3,0,3,1,7,6,0
2024,Wolves,Premier League,Max Kilman,9,5,1312,1562,84,24391,8956,84,10,25,2,23,0,0,0,0,0,0,0,0,0,17,28,3,1,18,24,75,42,19,23,29,61,129,2
2024,Wolves,Premier League,Mario Lemina,35,13,808,959,84.3,12725,3361,41,3,35,0,31,4,0,0,3,3,0,0,0,0,47,36,23,9,15,31,48.4,19,5,14,35,103,53,0
2024,Wolves,Premier League,Pedro Neto,34,11,515,695,74.1,8027,1923,22,28,74,8,41,4,6,0,14,8,2,1,1,0,3,3,2,2,5,14,35.7,5,1,4,4,11,2,0
2024,Wolves,Premier League,Matheus Nunes,1,0,87,106,82.1,1077,279,6,1,7,0,5,0,0,0,0,0,0,0,0,0,1,3,0,0,2,6,33.3,0,0,0,6,9,1,0
2024,Wolves,Premier League,José Sá,0,0,486,747,65.1,11850,7865,7,0,2,0,2,0,0,0,0,0,0,0,0,0,0,0,0,0,0,1,0,3,0,3,0,0,13,5
2024,Wolves,Premier League,Pablo Sarabia,34,11,481,679,70.8,7861,2770,46,29,66,2,39,3,4,0,10,7,0,0,0,0,9,7,6,1,9,24,37.5,13,1,12,8,22,8,0
2024,Wolves,Premier League,Nélson Semedo,12,3,1022,1311,78,14837,4983,78,22,39,3,29,1,4,2,1,0,0,0,0,1,40,38,15,8,29,49,59.2,31,8,23,27,88,64,0
2024,Wolves,Premier League,Fábio Silva,7,3,61,76,80.3,779,174,7,0,9,1,6,1,1,0,0,0,0,0,0,0,4,3,4,0,2,3,66.7,1,0,1,2,9,0,0
2024,Wolves,Premier League,Boubacar Traoré,4,0,184,220,83.6,2932,617,22,5,9,1,8,0,0,0,2,2,0,0,0,0,10,7,5,1,3,9,33.3,7,1,6,3,16,4,0
